,matchId,nickname,seasonId,matchResult,matchEndType,systemPause,foul,injury,redCards,yellowCards,dribble,cornerKick,possession,offsideCount,averageRating,controller,shootTotal,effectiveShootTotal,shootOutScore,goalTotal,goalTotalDisplay,ownGoal,shootHeading,goalHeading,shootFreekick,goalFreekick,shootInPenalty,goalInPenalty,shootOutPenalty,goalOutPenalty,shootPenaltyKick,goalPenaltyKick,passTry,passSuccess,shortPassTry,shortPassSuccess,longPassTry,longPassSuccess,bouncingLobPassTry,bouncingLobPassSuccess,drivenGroundPassTry,drivenGroundPassSuccess,throughPassTry,throughPassSuccess,lobbedThroughPassTry,lobbedThroughPassSuccess,blockTry,blockSuccess,tackleTry,tackleSuccess
0,61fcefb6ced7472d051a9d7b,SaddlerJungMin,202202,ÆÐ,0,0,1,0,0,0,91,5,50,0,3.98333,gamepad,6,5,0,2,2,0,2,1,0,0,4,1,2,1,0,0,115,105,80,75,9,7,0,0,5,5,20,18,1,0,12,0,10,2
1,61fcefb6ced7472d051a9d7b,INS4NE°æ¼·,202202,½Â,0,0,1,0,0,0,84,2,50,1,4.28889,gamepad,7,6,0,3,3,0,1,1,0,0,6,3,1,0,0,0,116,104,88,82,8,5,0,0,2,2,15,13,3,2,6,0,9,5
2,61fcecc512c41c0c7a0ad418,Á®ÁÜ,202202,ÆÐ,0,1,1,0,0,0,88,0,49,1,4.0,keyboard,6,3,0,2,2,0,0,0,0,0,4,1,2,1,0,0,116,106,110,101,1,1,0,0,0,0,5,4,0,0,4,0,19,11
3,61fcecc512c41c0c7a0ad418,SaddlerJungMin,202202,½Â,0,0,0,0,0,0,89,2,51,0,4.32222,gamepad,4,3,0,3,3,0,0,0,0,0,3,3,0,0,0,0,128,113,87,82,9,5,0,0,3,2,28,24,0,0,12,2,12,6
4,61fce9e831ade6b9e3fb2080,Scout,202202,ÆÐ,2,1,0,0,0,0,57,3,48,1,3.60556,keyboard,6,6,0,1,0,0,3,1,0,0,5,1,0,0,1,0,124,109,103,92,6,6,0,0,0,0,12,9,3,2,4,1,9,4
5,61fce9e831ade6b9e3fb2080,SaddlerJungMin,202202,½Â,1,1,1,0,0,0,81,0,52,0,4.76111,gamepad,7,6,0,5,3,0,1,0,0,0,4,4,2,1,0,0,108,98,75,73,4,3,0,0,2,1,26,21,0,0,5,0,6,0
6,61fce71266efcbff177ba220,SaddlerJungMin,202202,½Â,0,0,0,0,0,0,77,0,48,1,4.13889,gamepad,5,2,0,2,2,0,1,0,0,0,4,2,1,0,0,0,110,99,73,70,7,6,0,0,5,4,22,17,2,2,7,0,11,5
7,61fce71266efcbff177ba220,Çã¹÷,202202,ÆÐ,0,0,0,0,0,0,83,2,52,1,3.7,keyboard,2,2,0,1,1,0,0,0,0,0,2,1,0,0,0,0,138,130,122,116,1,0,0,0,4,4,9,8,2,2,3,0,5,3
8,61fcdcba4a61f006c4079dbb,SaddlerJungMin,202202,½Â,0,0,0,0,0,0,100,2,59,1,4.42778,gamepad,6,5,0,3,3,0,0,0,0,0,3,3,3,0,0,0,142,134,105,99,5,5,0,0,3,3,27,27,0,0,4,0,13,7
9,61fcdcba4a61f006c4079dbb,ºù°¡´Ù,202202,ÆÐ,0,0,2,1,0,0,56,1,41,1,3.42222,gamepad,4,4,0,1,1,0,0,0,0,0,1,1,2,0,0,0,79,71,52,48,7,6,0,0,1,1,19,16,0,0,2,0,14,5
10,61fcd6bb472790310e2f2126,SaddlerJungMin,202202,½Â,0,0,0,0,0,0,107,1,63,1,4.90556,gamepad,10,9,0,6,6,0,2,1,0,0,7,4,3,2,0,0,148,142,104,101,8,7,0,0,1,1,35,33,0,0,4,0,12,9
11,61fcd6bb472790310e2f2126,µÎÄ¡¿Í¹þ±¸,202202,ÆÐ,0,0,2,0,0,0,57,0,37,0,3.19444,keyboard,3,2,0,1,1,0,0,0,0,0,2,1,1,0,0,0,83,70,58,53,2,0,0,0,5,5,16,11,2,1,10,1,20,9
12,61fcd3b3b24d542c73e0ed32,SaddlerJungMin,202202,ÆÐ,0,0,0,0,0,0,104,3,59,0,4.13333,gamepad,8,6,0,0,0,0,0,0,0,0,4,0,4,0,0,0,135,123,94,87,6,4,0,0,1,1,32,30,1,1,10,0,7,4
13,61fcd3b3b24d542c73e0ed32,DerbyCounty,202202,½Â,0,0,0,0,0,0,63,1,41,0,4.21111,gamepad,3,3,0,1,1,0,0,0,0,0,2,1,1,0,0,0,106,91,95,87,2,0,0,0,0,0,9,4,0,0,17,1,10,5
14,61fcd12a871285fe7281472b,SaddlerJungMin,202202,ÆÐ,0,0,0,0,0,0,85,1,57,2,3.95,gamepad,3,1,0,1,1,0,1,0,0,0,3,1,0,0,0,0,125,113,93,88,3,3,0,0,2,2,26,20,0,0,10,0,14,7
15,61fcd12a871285fe7281472b,ºÒ¿ÏÀüÅ¸µ¿»ç,202202,½Â,0,0,1,0,0,0,73,1,43,0,4.11111,keyboard,4,3,0,2,2,0,1,1,0,0,4,2,0,0,0,0,115,105,94,90,3,3,0,0,4,4,12,7,1,1,5,1,24,11
16,61fccc6444cb787fa90fb9a6,CMGamingÀÓÁö¿ë,202202,½Â,0,0,0,0,0,0,89,3,54,0,4.36667,gamepad,7,6,0,4,4,0,0,0,0,0,5,4,2,0,0,0,122,109,92,87,7,4,0,0,4,4,17,13,2,1,10,1,2,2
17,61fccc6444cb787fa90fb9a6,SaddlerJungMin,202202,ÆÐ,0,0,0,0,0,0,81,1,46,2,3.89444,gamepad,5,4,0,2,2,0,0,0,0,0,5,2,0,0,0,0,108,100,70,65,7,7,0,0,0,0,30,28,0,0,8,0,12,5
18,61fcc672e0696a377cf1dab9,SaddlerJungMin,202202,½Â,0,0,0,0,0,0,112,2,64,1,5.17778,gamepad,9,8,0,6,6,0,2,0,0,0,7,4,1,2,0,0,160,153,93,92,18,15,0,0,2,1,46,44,1,1,2,0,5,1
19,61fcc672e0696a377cf1dab9,BacktoBack±¼¸®Æ®,202202,ÆÐ,0,0,0,0,0,0,46,0,36,1,2.84444,keyboard,1,1,0,0,0,0,0,0,0,0,1,0,0,0,0,0,99,83,64,60,2,0,0,0,1,1,26,20,5,2,8,0,14,6
20,61fcc5ddb311ce0b026f14e4,°¡¿Àµ¿»ç³ªÀÌ,202202,ÆÐ,2,0,0,0,0,0,0,0,0,0,0.0,etc,0,0,0,0,0,0,0,0,0,0,0,0,0,0,0,0,0,0,0,0,0,0,0,0,0,0,0,0,0,0,0,0,0,0
21,61fcc5ddb311ce0b026f14e4,SaddlerJungMin,202202,½Â,1,1,0,0,0,0,23,0,62,0,4.56111,gamepad,3,2,0,2,3,0,1,1,0,0,3,2,0,0,0,0,30,28,17,16,2,1,0,0,0,0,11,11,0,0,0,0,1,1
22,61fcc369b24d546552e00170,ºí·¢ÇÎÅ©ÈÉ¹Ù¾ß,202202,½Â,0,0,1,0,0,0,88,0,52,0,4.27778,gamepad,2,2,0,1,1,0,1,1,0,0,1,1,1,0,0,0,126,116,98,94,3,2,0,0,1,1,19,16,4,3,7,1,8,7
23,61fcc369b24d546552e00170,SaddlerJungMin,202202,ÆÐ,0,0,0,0,0,0,79,0,48,1,3.77222,gamepad,2,2,0,0,0,0,0,0,0,0,2,0,0,0,0,0,118,105,72,69,15,12,1,0,0,0,29,24,0,0,6,1,15,9
24,61f3d6ae30df4c4373275b84,SaddlerJungMin,202201,ÆÐ,0,0,0,0,0,0,86,0,47,0,3.28333,gamepad,1,1,0,0,0,0,0,0,0,0,0,0,1,0,0,0,125,110,83,75,4,3,0,0,11,10,25,20,2,2,8,0,10,4
25,61f3d6ae30df4c4373275b84,BenzRorang,202201,½Â,0,0,0,1,0,0,90,2,53,0,4.75556,gamepad,7,6,0,4,4,0,2,1,0,0,6,4,1,0,0,0,127,116,100,95,5,3,0,0,2,2,17,14,2,2,6,0,7,3
26,61f27d97b460fe7f58893183,SaddlerJungMin,202201,½Â,0,0,0,0,0,0,96,2,57,0,4.57778,gamepad,6,6,0,5,5,0,1,1,0,0,6,5,0,0,0,0,155,145,102,100,10,10,0,0,10,10,32,24,1,1,5,1,9,3
27,61f27d97b460fe7f58893183,ÇÏ¶ûÀü¼úÄÚÄ¡,202201,ÆÐ,0,0,0,1,0,0,74,0,43,1,3.53333,gamepad,5,4,0,2,2,0,1,1,0,0,3,2,2,0,0,0,100,93,91,86,1,1,0,0,1,1,6,5,1,0,7,0,10,4
28,61f27a928a4c65145dd71d0a,SaddlerJungMin,202201,½Â,0,0,0,0,0,0,88,0,46,0,4.37222,gamepad,6,6,0,4,4,0,0,0,0,0,5,4,1,0,0,0,122,110,74,72,8,3,0,0,6,4,33,31,0,0,9,0,11,5
29,61f27a928a4c65145dd71d0a,tjqkdqnfvo,202201,ÆÐ,0,0,1,0,0,0,96,0,54,1,3.91111,keyboard,4,4,0,2,2,0,0,0,0,0,4,2,0,0,0,0,119,105,98,91,1,1,0,0,2,2,14,10,2,1,13,1,11,4
30,61f277c32d44d259deda698c,SaddlerJungMin,202201,½Â,0,0,1,1,0,0,100,0,56,0,4.2,gamepad,4,4,0,3,3,0,1,1,0,0,3,3,1,0,0,0,169,158,111,108,6,5,0,0,5,5,46,40,0,0,4,0,10,5
31,61f277c32d44d259deda698c,PSMGTaeHwan,202201,ÆÐ,0,0,0,0,0,0,58,0,44,0,3.82222,gamepad,4,3,0,2,2,0,0,0,0,0,3,2,1,0,0,0,88,82,60,59,8,7,1,1,3,3,12,10,3,2,3,1,11,4
32,61f1b97318b9291b3decf094,SaddlerJungMin,202201,½Â,0,0,0,0,0,0,100,4,60,0,4.79445,gamepad,7,7,0,4,4,0,1,1,0,0,7,4,0,0,0,0,163,151,113,108,7,6,3,2,5,5,31,29,2,1,7,1,6,6
33,61f1b97318b9291b3decf094,NO23º£ÄÄ,202201,ÆÐ,0,0,1,0,0,0,62,2,40,0,3.30556,gamepad,6,1,0,0,0,0,1,0,0,0,3,0,3,0,0,0,80,66,42,38,2,1,0,0,0,0,32,26,3,1,8,0,19,8
34,61f1b660d6ad223d408790d2,SaddlerJungMin,202201,½Â,0,0,0,1,0,0,93,1,51,0,4.47222,gamepad,7,6,0,3,3,0,0,0,0,0,4,2,2,0,1,1,146,133,96,91,11,9,0,0,6,6,30,25,2,2,4,1,12,5
35,61f1b660d6ad223d408790d2,WhizFox¼ºÁ¦°æ,202201,ÆÐ,0,0,1,0,0,0,84,3,49,1,3.8,gamepad,6,2,0,1,1,0,2,0,0,0,5,1,1,0,0,0,125,112,102,95,6,6,0,0,5,4,9,7,3,0,8,1,7,5
36,61f1b3256940b71169e9c1ac,SaddlerJungMin,202201,ÆÐ,0,0,0,0,0,0,119,0,52,0,3.98889,gamepad,5,2,0,1,1,0,1,1,0,0,3,1,2,0,0,0,188,167,125,116,13,12,0,0,5,3,41,36,1,0,10,0,16,10
37,61f1b3256940b71169e9c1ac,ÃÊÇÇÄ¡,202201,½Â,0,0,0,0,0,0,104,3,48,1,4.25556,keyboard,6,3,0,2,2,0,1,0,0,0,4,1,2,1,0,0,131,116,97,93,8,7,0,0,4,2,17,11,4,3,8,1,25,15
38,61f1b04d5e71f07cf1eb6022,SaddlerJungMin,202201,½Â,0,0,0,0,0,0,100,3,52,2,4.54444,gamepad,10,8,0,2,2,0,0,0,0,0,6,1,4,1,0,0,139,127,87,83,10,6,1,1,2,2,38,34,1,1,6,1,14,5
39,61f1b04d5e71f07cf1eb6022,°«¸®ÄÚ,202201,ÆÐ,0,0,0,0,0,0,76,0,48,0,3.67778,gamepad,3,2,0,0,0,0,0,0,0,0,3,0,0,0,0,0,106,94,80,77,6,3,1,0,3,2,15,11,1,1,14,2,3,0
40,61f1aa202cfe47e8025bf671,SaddlerJungMin,202201,ÆÐ,0,0,0,1,0,0,78,0,44,1,3.53889,gamepad,1,1,0,1,1,0,0,0,0,0,0,0,1,1,0,0,116,106,72,68,6,4,0,0,5,5,30,28,1,1,4,0,13,4
41,61f1aa202cfe47e8025bf671,¼ú°í·©,202201,½Â,0,0,0,0,0,0,97,1,56,1,4.39444,gamepad,4,3,0,3,3,0,0,0,0,0,3,3,0,0,0,0,144,136,118,115,7,5,0,0,3,3,16,13,0,0,5,0,10,5
42,61f1a48a2f830318c6fa02b6,SaddlerJungMin,202201,½Â,0,0,0,1,0,0,99,0,45,1,4.21667,gamepad,6,4,0,4,4,0,0,0,0,0,2,4,3,0,0,0,158,146,109,105,3,2,0,0,5,4,39,35,1,0,3,0,25,10
43,61f1a48a2f830318c6fa02b6,Å°µå°»,202201,ÆÐ,0,0,0,0,0,0,131,2,55,1,3.89444,keyboard,10,7,0,3,3,0,2,0,0,0,10,3,0,0,0,0,155,141,122,114,3,2,0,0,0,0,26,23,3,2,10,0,10,6
44,61f1977980576d0e133890ba,ÀÌÁ¤¹ÎÁ¾¾Æ¸®°È¾î,202201,ÆÐ,0,0,0,0,0,0,81,3,53,0,3.83333,keyboard,4,3,0,1,1,0,0,0,0,0,2,1,2,0,0,0,87,79,67,66,0,0,0,0,3,2,15,11,0,0,9,1,8,4
45,61f1977980576d0e133890ba,SaddlerJungMin,202201,½Â,0,0,0,0,0,0,0,0,0,0,0.0,gamepad,0,0,0,0,2,0,0,0,0,0,0,0,0,0,0,0,0,0,0,0,0,0,0,0,0,0,0,0,0,0,0,0,0,0
46,61f19342860e9df24e343c96,SaddlerJungMin,202201,ÆÐ,0,0,0,0,0,0,89,0,49,1,3.84444,gamepad,2,2,0,1,1,0,0,0,0,0,1,1,0,0,0,0,122,113,75,74,5,5,0,0,3,3,37,31,1,0,4,1,17,6
47,61f19342860e9df24e343c96,¿îµå·´°Ô¾øÀ½,202201,½Â,0,0,0,0,0,0,82,0,51,2,4.25,gamepad,4,4,0,2,2,0,0,0,0,0,2,2,1,0,0,0,114,104,89,85,7,5,1,1,1,1,13,11,3,1,1,0,12,4
48,61f190c77f3ef38c30000057,SaddlerJungMin,202201,½Â,0,0,0,0,0,0,82,2,54,0,4.65,gamepad,9,7,0,4,4,0,1,1,0,0,7,3,2,1,0,0,143,129,84,82,10,8,1,1,3,3,41,34,1,1,4,1,13,9
49,61f190c77f3ef38c30000057,¶ÒºÒÇü,202201,ÆÐ,0,0,1,0,0,1,71,1,46,0,3.68889,keyboard,8,4,0,1,1,0,1,0,0,0,7,0,1,1,0,0,93,85,53,51,7,4,0,0,5,5,25,23,3,2,8,1,15,9
50,61f186a97f3ef35d56ffd43a,SaddlerJungMin,202201,½Â,0,0,1,0,0,0,88,0,50,0,4.61111,gamepad,6,5,0,5,5,0,0,0,0,0,5,5,1,0,0,0,127,116,79,76,5,3,0,0,3,3,38,34,0,0,11,1,13,7
51,61f186a97f3ef35d56ffd43a,Vejrgang,202201,ÆÐ,0,0,1,0,0,0,82,3,50,0,3.55,gamepad,6,4,0,1,1,0,1,0,0,0,5,1,1,0,0,0,106,95,74,74,7,4,1,0,2,1,19,14,2,2,12,0,6,3
52,61f129284b3252226f3d205a,SaddlerJungMin,202201,½Â,0,0,0,0,0,0,80,1,43,0,4.17222,gamepad,5,5,0,3,3,0,0,0,0,0,4,2,0,0,1,1,115,106,73,69,5,4,0,0,3,3,30,27,3,3,5,1,7,3
53,61f129284b3252226f3d205a,WhizFox¹ÚÁø¼º,202201,ÆÐ,0,1,1,0,1,0,104,2,57,0,3.85556,gamepad,8,6,0,2,2,0,0,0,0,0,7,2,1,0,0,0,138,128,110,103,3,2,0,0,5,4,17,17,2,2,4,1,7,4
54,61f1258f302b21b01649d565,SaddlerJungMin,202201,½Â,0,0,0,0,0,0,87,4,51,1,4.38333,gamepad,8,6,0,1,1,0,1,0,0,0,6,1,2,0,0,0,132,121,90,82,5,4,0,0,5,5,30,29,1,1,4,0,10,6
55,61f1258f302b21b01649d565,Ä«Ä«´ÂÁøÂ¥,202201,ÆÐ,0,0,1,0,0,0,78,1,49,0,3.86667,gamepad,2,2,0,0,0,0,0,0,0,0,2,0,0,0,0,0,117,103,90,84,4,1,0,0,1,1,20,17,0,0,10,2,13,7
56,61f12239860e9d1ff82e5529,SaddlerJungMin,202201,ÆÐ,0,0,0,0,0,0,89,2,53,1,3.76667,gamepad,9,5,0,2,2,0,0,0,0,0,8,2,1,0,0,0,137,127,88,85,8,5,1,1,4,4,36,32,0,0,8,0,5,1
57,61f12239860e9d1ff82e5529,HOMMAGE,202201,½Â,0,1,0,0,0,0,74,1,47,0,5.38333,gamepad,7,6,0,4,4,0,1,1,0,0,5,4,2,0,0,0,116,107,86,84,7,5,0,0,1,1,21,17,0,0,8,1,5,3
58,61f1141ee260b0159d204044,SaddlerJungMin,202201,ÆÐ,0,0,0,1,0,0,91,0,48,1,3.72778,gamepad,2,2,0,1,1,0,0,0,0,0,2,1,0,0,0,0,138,129,95,91,3,3,0,0,6,4,33,31,0,0,6,0,11,9
59,61f1141ee260b0159d204044,VolitionÄÉÀÌ,202201,½Â,0,0,1,0,0,0,90,3,52,0,4.55556,gamepad,7,6,0,4,4,0,2,1,0,0,5,3,2,1,0,0,142,133,111,109,7,6,0,0,4,4,16,13,2,1,6,0,12,5
60,61efb85afe3c7e0d846e0dcf,VIsualKimOne,202201,ÆÐ,0,0,0,0,0,0,107,2,47,0,4.08333,gamepad,4,4,0,2,2,0,3,2,0,0,4,2,0,0,0,0,142,127,113,108,5,3,0,0,3,2,17,14,1,0,13,1,11,8
61,61efb85afe3c7e0d846e0dcf,SaddlerJungMin,202201,½Â,0,0,0,0,0,0,133,1,53,1,4.17778,gamepad,7,6,0,3,3,0,0,0,0,0,7,3,0,0,0,0,185,174,136,130,4,3,0,0,4,4,39,35,2,2,13,1,18,8
62,61ef9f6a5e71f0bd83d71bb6,Á¶Çö¿ìÁ¦Æ®µð,202201,ÆÐ,0,0,0,0,0,0,82,1,46,0,3.70556,keyboard,3,2,0,1,1,0,0,0,0,0,1,0,1,0,1,1,113,101,92,89,3,0,0,0,1,1,15,10,2,1,9,0,15,4
63,61ef9f6a5e71f0bd83d71bb6,SaddlerJungMin,202201,½Â,0,0,1,0,0,0,90,1,54,2,4.42778,gamepad,8,5,0,3,3,0,1,2,0,0,5,3,2,0,0,0,131,123,87,83,6,4,2,2,6,6,28,26,2,2,4,0,6,4
64,61ef9cbe47c2f42d940ea482,SaddlerJungMin,202201,½Â,0,0,0,0,0,0,91,0,52,1,4.41111,gamepad,4,4,0,4,4,0,0,0,0,0,3,4,0,0,0,0,141,134,106,104,5,5,0,0,2,2,25,22,2,1,3,0,11,3
65,61ef9cbe47c2f42d940ea482,Àü¼öºó,202201,ÆÐ,0,0,0,0,0,0,73,0,48,1,3.67778,gamepad,4,3,0,2,2,0,1,0,0,0,4,2,0,0,0,0,109,97,85,80,2,1,0,0,3,2,16,12,3,2,7,0,10,5
66,61ef9a0cf7866b6310f669d4,SaddlerJungMin,202201,ÆÐ,0,0,2,0,0,1,50,0,34,0,3.63889,gamepad,1,1,0,1,1,0,0,0,0,0,0,0,1,1,0,0,72,63,45,43,5,3,0,0,1,1,18,14,2,2,4,0,15,6
67,61ef9a0cf7866b6310f669d4,¼ö°íÇÏ¼Ì½À´Ï´Ù,202201,½Â,0,1,0,0,0,0,108,1,66,1,4.13889,gamepad,3,3,0,2,2,0,0,0,0,0,2,1,0,0,1,1,138,130,112,109,6,4,0,0,5,3,13,13,2,1,2,0,6,4
68,61ef96962cfe47fdd04780b8,SaddlerJungMin,202201,½Â,0,0,0,0,0,0,141,4,52,1,4.31111,gamepad,6,6,0,2,2,0,1,0,0,0,6,2,0,0,0,0,208,193,154,150,12,8,1,0,7,7,33,27,1,1,9,0,15,7
69,61ef96962cfe47fdd04780b8,INS4NE°æ¼·,202201,ÆÐ,0,0,0,0,0,0,118,2,48,1,4.06667,gamepad,8,7,0,1,1,0,2,0,0,0,4,1,4,0,0,0,165,151,141,134,8,7,0,0,8,8,8,2,0,0,6,1,11,7
70,61ef8b322fd0c53b62d0592e,SaddlerJungMin,202201,ÆÐ,0,1,0,1,0,0,95,1,48,0,3.82222,gamepad,11,8,0,3,3,0,1,0,0,0,8,3,3,0,0,0,139,126,101,96,3,2,1,0,3,1,27,26,2,1,6,0,20,8
71,61ef8b322fd0c53b62d0592e,ÀåÇ®¶¼±â,202201,½Â,0,0,0,0,0,0,105,0,52,1,4.42778,keyboard,4,4,0,4,4,0,0,0,0,0,2,3,2,1,0,0,145,139,117,115,4,4,0,0,2,2,20,18,0,0,15,1,6,3
72,61eeaf6c48e952c705f3b605,ÇìÀÌ´õ,202201,ÆÐ,0,0,1,0,0,0,100,7,47,0,4.25556,gamepad,15,10,1,3,3,0,2,0,0,0,10,1,5,2,0,0,147,129,110,103,6,5,0,0,0,0,27,20,2,1,17,3,35,11
73,61eeaf6c48e952c705f3b605,SaddlerJungMin,202201,½Â,0,0,0,0,0,0,0,0,0,0,0.0,gamepad,0,0,4,0,3,0,0,0,0,0,0,0,0,0,0,0,0,0,0,0,0,0,0,0,0,0,0,0,0,0,0,0,0,0
74,61eead1a886971705e831094,EBS³ë»ç¿¬,202201,ÆÐ,0,0,0,1,0,0,78,0,55,0,3.82778,gamepad,4,3,0,1,1,0,0,0,0,0,2,0,2,1,0,0,109,100,72,69,11,11,0,0,4,4,21,16,1,0,5,0,15,6
75,61eead1a886971705e831094,SaddlerJungMin,202201,½Â,0,0,0,0,0,0,67,1,45,0,4.16667,gamepad,6,4,0,2,2,0,0,0,0,0,5,2,1,0,0,0,106,95,73,68,6,6,0,0,5,4,18,14,3,3,2,0,16,5
76,61eeaaa97f3ef39297e6d112,SaddlerJungMin,202201,½Â,0,0,1,0,0,0,80,4,46,1,4.23889,gamepad,9,7,0,2,2,0,0,0,0,0,8,2,1,0,0,0,107,98,73,70,5,3,0,0,4,4,25,21,0,0,4,1,13,7
77,61eeaaa97f3ef39297e6d112,UnLMTD¼­¹Î¼ö,202201,ÆÐ,0,0,0,0,0,0,86,2,54,1,3.90556,gamepad,5,3,0,1,1,0,0,0,1,0,3,1,2,0,0,0,131,117,112,106,2,1,0,0,4,4,10,6,0,0,6,1,5,3
78,61eea7fff7866b4726f00926,RIQUELME,202201,ÆÐ,0,1,1,0,0,0,92,3,56,0,5.16111,gamepad,8,5,0,1,1,0,4,1,0,0,4,1,4,0,0,0,122,112,100,96,8,6,0,0,3,2,10,8,0,0,3,0,11,8
79,61eea7fff7866b4726f00926,SaddlerJungMin,202201,½Â,0,1,0,0,0,0,74,0,44,0,4.1,gamepad,3,2,0,2,2,0,0,0,0,0,2,2,1,0,0,0,98,92,70,67,1,1,0,0,4,3,22,21,0,0,8,1,14,4
80,61eea57280576de50d1d17c3,ElinorÃµÀç,202201,ÆÐ,0,1,0,0,0,0,83,0,44,0,3.56667,keyboard,2,2,0,1,1,0,0,0,0,0,2,1,0,0,0,0,120,113,92,91,4,4,0,0,1,1,22,17,0,0,18,0,1,1
81,61eea57280576de50d1d17c3,SaddlerJungMin,202201,½Â,0,0,1,0,0,0,107,0,56,0,4.40556,gamepad,8,4,0,3,3,0,3,1,0,0,6,1,2,2,0,0,145,138,106,103,6,5,0,0,6,6,24,22,2,2,5,1,11,6
82,61eea30de260b0f0ae0d6d8e,SaddlerJungMin,202201,ÆÐ,0,0,1,0,0,0,90,1,54,1,3.82222,gamepad,4,3,0,1,1,0,0,0,0,0,3,1,1,0,0,0,135,126,98,95,4,4,0,0,6,6,23,20,3,1,5,0,11,4
83,61eea30de260b0f0ae0d6d8e,Cozy»ç³ª,202201,½Â,0,0,0,0,0,0,71,1,46,0,4.36111,gamepad,4,4,0,2,2,0,0,0,1,0,3,2,1,0,0,0,122,109,85,80,2,1,0,0,1,1,30,24,3,3,3,0,16,12
84,61ee9f4c2cfe477b1740c9d8,Eunice°­¹Î¼ö,202201,½Â,0,1,0,0,0,0,116,0,49,1,4.23333,gamepad,6,5,0,4,5,0,0,0,0,0,6,4,0,0,0,0,164,147,116,109,6,3,0,0,11,10,31,25,0,0,11,1,21,9
85,61ee9f4c2cfe477b1740c9d8,SaddlerJungMin,202201,ÆÐ,0,0,0,0,0,0,120,2,51,1,4.03889,gamepad,8,7,0,4,4,1,0,0,0,0,7,4,1,0,0,0,172,159,120,116,3,3,0,0,8,7,38,33,2,0,9,2,13,8
86,61ee9cc0ab6642627ac28a8f,SaddlerJungMin,202201,ÆÐ,0,1,1,0,0,0,79,1,50,2,3.83333,gamepad,7,3,0,1,1,0,1,0,0,0,6,1,1,0,0,0,118,109,84,81,5,4,0,0,1,1,27,23,1,0,8,0,15,8
87,61ee9cc0ab6642627ac28a8f,¿ìÀÎv,202201,½Â,0,0,1,0,0,0,72,0,50,0,4.20556,gamepad,3,3,0,2,2,0,1,0,0,0,2,2,0,0,0,0,126,113,96,89,10,9,0,0,2,2,15,12,1,1,9,0,10,5
88,61ee99ebc426dd4107d0fd24,SaddlerJungMin,202201,½Â,0,0,0,0,0,0,72,1,41,1,4.16111,gamepad,4,4,0,2,2,0,0,0,0,0,4,2,0,0,0,0,101,95,75,73,5,4,0,0,2,2,17,16,0,0,7,0,14,9
89,61ee99ebc426dd4107d0fd24,½ÅÃà,202201,ÆÐ,0,0,1,0,0,0,101,1,59,1,3.92222,gamepad,3,3,0,1,1,0,0,0,0,0,3,1,0,0,0,0,126,115,89,83,1,1,0,0,7,7,28,24,0,0,6,0,13,10
90,61ee978a6940b76d0cce9668,»ç°ú¸À´ß,202201,ÆÐ,0,0,0,0,0,0,0,0,0,0,0.0,gamepad,0,0,0,0,0,0,0,0,0,0,0,0,0,0,0,0,0,0,0,0,0,0,0,0,0,0,0,0,0,0,0,0,0,0
91,61ee978a6940b76d0cce9668,SaddlerJungMin,202201,½Â,0,0,0,0,0,0,85,0,50,2,4.71667,gamepad,6,5,0,4,4,0,0,0,0,0,3,4,1,0,0,0,125,118,93,89,4,4,0,0,2,2,25,23,0,0,6,1,15,11
92,61ee6dbbab66420b68bfd217,SaddlerJungMin,202201,½Â,0,0,0,0,0,0,92,1,50,0,4.48333,gamepad,7,7,0,3,3,0,1,0,0,0,5,2,2,1,0,0,132,122,87,81,6,6,1,0,5,5,32,30,0,0,3,0,15,10
93,61ee6dbbab66420b68bfd217,KFCx¾ËÆÄ°í,202201,ÆÐ,0,0,1,0,0,0,88,0,50,0,3.62778,gamepad,2,1,0,1,1,0,0,0,0,0,1,1,1,0,0,0,106,96,86,81,2,2,0,0,5,4,12,9,0,0,8,1,7,1
94,61ee6b06f7866bd4b8ec21dc,¼¼¸£ºñ¾ÆÃà±¸ÇùÈ¸,202201,ÆÐ,0,0,1,0,0,0,96,1,52,2,3.81667,keyboard,3,3,0,2,2,0,0,0,0,0,2,2,1,0,0,0,113,102,89,83,3,2,0,0,3,2,15,15,0,0,9,0,7,5
95,61ee6b06f7866bd4b8ec21dc,SaddlerJungMin,202201,½Â,0,0,0,0,0,0,87,2,48,0,4.26111,gamepad,6,5,0,3,3,0,2,2,0,0,5,2,0,0,1,1,127,114,81,74,6,4,0,0,3,3,35,31,2,2,6,0,11,7
96,61ee6843c3867462b698e200,ÂÌ±êÈæÃÊÄÚÄÚº¼,202201,½Â,0,3,1,0,0,0,95,1,57,0,4.65556,gamepad,5,5,0,3,3,0,0,0,0,0,2,2,3,1,0,0,129,122,116,112,6,5,0,0,3,3,3,2,1,0,11,0,11,5
97,61ee6843c3867462b698e200,SaddlerJungMin,202201,ÆÐ,0,0,0,0,0,0,74,0,43,1,3.46667,gamepad,4,3,0,1,1,0,0,0,0,0,4,1,0,0,0,0,135,126,101,98,4,2,0,0,3,3,26,23,0,0,8,0,7,3
98,61ee66b92f8303332addae0e,SaddlerJungMin,202201,ÆÐ,2,1,0,0,0,0,40,0,39,0,2.72778,gamepad,2,1,0,0,0,0,0,0,0,0,1,0,1,0,0,0,54,52,33,33,2,2,0,0,1,1,18,16,0,0,4,0,2,0
99,61ee66b92f8303332addae0e,SimBaÈ­³­Ã¢°æÀÌv,202201,½Â,1,0,0,0,0,0,52,0,61,0,4.55,gamepad,4,4,0,4,3,0,0,0,0,0,4,4,0,0,0,0,62,58,39,38,5,4,0,0,1,1,16,14,1,1,3,1,7,4
100,61ed849fab66421693ba6d9a,SimBaÈ­³­±è¸»Èñ,202201,ÆÐ,2,1,0,0,0,0,38,5,46,0,3.11667,gamepad,4,3,0,0,0,0,1,0,0,0,2,0,2,0,0,0,59,52,46,42,5,4,1,1,1,0,4,4,1,1,4,1,1,0
101,61ed849fab66421693ba6d9a,SaddlerJungMin,202201,½Â,1,1,0,0,0,0,49,0,54,0,4.52222,gamepad,4,3,0,3,3,0,0,0,0,0,4,3,0,0,0,0,74,70,49,48,2,2,0,0,4,4,18,16,1,0,6,1,6,2
102,61ed81a1a6b5cc6297f7982f,SaddlerJungMin,202201,ÆÐ,0,0,1,0,0,0,86,0,49,0,3.87778,gamepad,3,2,0,1,1,0,1,0,0,0,3,1,0,0,0,0,130,120,82,79,7,6,0,0,5,3,35,32,0,0,8,0,11,5
103,61ed81a1a6b5cc6297f7982f,MU¼º´ó,202201,½Â,0,0,0,0,0,0,71,2,51,0,4.24444,keyboard,9,7,0,2,2,0,4,1,0,0,6,2,3,0,0,0,110,101,80,75,7,5,0,0,4,4,15,14,4,3,7,1,20,6
104,61ed7f017f3ef34240dd6882,SaddlerJungMin,202201,ÆÐ,0,0,0,1,0,0,96,1,49,0,3.95,gamepad,6,3,0,2,2,0,1,0,0,0,5,2,1,0,0,0,135,126,93,88,4,4,0,0,4,4,32,28,2,2,1,0,12,4
105,61ed7f017f3ef34240dd6882,PaNenKa³ë·ÂÆÄ,202201,½Â,0,0,0,0,0,0,84,1,51,0,4.24444,gamepad,5,5,0,3,3,0,0,0,0,0,2,2,3,1,0,0,131,124,111,108,3,3,0,0,5,3,12,10,0,0,4,1,12,6
106,61ed788648e9523321e9d2f3,SaddlerJungMin,202201,ÆÐ,0,1,1,0,0,0,92,2,48,1,3.63333,gamepad,5,3,0,0,0,0,0,0,0,0,4,0,1,0,0,0,133,118,87,81,7,4,0,0,5,5,33,28,0,0,8,0,16,5
107,61ed788648e9523321e9d2f3,ICONSamuelEtoo,202201,½Â,0,0,0,0,0,0,88,2,52,0,4.45556,gamepad,5,5,0,2,2,0,0,0,0,0,3,2,2,0,0,0,113,102,89,85,8,6,0,0,4,4,10,5,2,2,5,0,8,3
108,61ed5acfd6ad226acc616583,SaddlerJungMin,202201,ÆÐ,0,0,2,0,0,0,99,1,55,1,3.78333,gamepad,5,4,0,0,0,0,2,0,0,0,3,0,2,0,0,0,165,148,118,110,9,7,1,0,5,5,31,26,0,0,5,0,12,5
109,61ed5acfd6ad226acc616583,WhizFox¼ºÁ¦°æ,202201,½Â,0,0,0,0,0,0,69,0,45,0,4.46111,gamepad,4,3,0,2,2,0,0,0,0,0,2,2,2,0,0,0,105,94,77,74,4,2,0,0,1,1,21,16,1,1,9,0,5,2
110,61ed586d18b9292cdfc5acb2,SaddlerJungMin,202201,½Â,0,0,0,0,0,0,83,2,47,1,4.25556,gamepad,6,5,0,3,3,0,0,0,0,0,3,2,3,1,0,0,117,105,75,72,5,3,1,0,2,2,32,27,1,1,5,1,14,12
111,61ed586d18b9292cdfc5acb2,EntryXÆÄÀÌ,202201,ÆÐ,0,0,0,0,0,0,82,0,53,0,3.90556,gamepad,3,2,0,2,2,0,0,0,0,0,1,2,1,0,0,0,116,103,100,93,1,1,0,0,0,0,11,8,1,1,8,0,7,6
112,61ed4fad302b21da702a9848,È­·Â,202201,ÆÐ,0,0,2,0,0,0,121,1,45,0,3.85,keyboard,8,4,0,1,1,1,0,0,0,0,8,1,0,0,0,0,141,123,118,105,2,2,0,0,0,0,18,14,3,2,13,1,19,6
113,61ed4fad302b21da702a9848,SaddlerJungMin,202201,½Â,0,0,0,0,0,0,146,1,55,0,4.31111,gamepad,11,4,0,2,3,0,0,0,0,0,8,2,3,0,0,0,213,195,156,143,3,3,0,0,6,5,46,43,1,1,7,0,13,8
114,61ed4c966940b7643fc39f70,SaddlerJungMin,202201,½Â,0,0,0,0,0,0,102,3,59,0,4.81667,gamepad,9,6,0,3,3,0,1,0,0,0,6,3,3,0,0,0,169,157,115,109,12,10,0,0,1,1,39,36,1,1,9,1,10,7
115,61ed4c966940b7643fc39f70,tjqkdqnfvo,202201,ÆÐ,0,0,0,0,0,0,61,1,41,0,3.10556,keyboard,1,0,0,0,0,0,0,0,0,0,0,0,1,0,0,0,81,69,63,58,5,3,0,0,0,0,13,8,0,0,9,0,5,4
116,61ed49d36940b784f8c367fa,SaddlerJungMin,202201,½Â,0,0,2,0,0,0,93,2,52,0,4.22778,gamepad,5,4,0,2,2,0,0,0,0,0,4,2,1,0,0,0,153,138,109,102,4,4,1,1,4,3,31,27,2,1,8,1,13,7
117,61ed49d36940b784f8c367fa,VolitionÁØ¼ö,202201,ÆÐ,0,0,1,0,0,0,68,1,48,1,3.95,gamepad,4,3,0,1,1,0,0,0,1,0,2,1,2,0,0,0,93,83,75,72,2,1,0,0,4,2,11,8,0,0,7,0,12,6
118,61ed445380576d1e71100052,SaddlerJungMin,202201,½Â,0,0,1,0,0,0,89,0,50,0,4.13333,gamepad,4,4,0,2,2,0,0,0,0,0,3,1,1,1,0,0,142,131,94,91,8,6,0,0,5,4,33,29,1,1,6,0,13,7
119,61ed445380576d1e71100052,¿î¾çµ¿¹Ýµ¥ÀÌÅ©,202201,ÆÐ,0,0,0,0,0,0,93,2,50,1,3.85556,gamepad,1,1,0,1,1,0,0,0,0,0,1,1,0,0,0,0,124,112,96,89,3,2,0,0,6,5,16,15,1,1,3,0,7,3
120,61ed41c27f3ef352e4d9e879,SaddlerJungMin,202201,ÆÐ,0,0,1,0,0,0,86,2,48,0,4.05556,gamepad,6,5,0,2,2,2,0,0,0,0,4,2,2,0,0,0,119,104,82,73,7,4,1,1,3,3,26,23,0,0,8,1,10,4
121,61ed41c27f3ef352e4d9e879,UEFA¼¾¼¼ÀÌ¼Ç,202201,½Â,0,0,2,0,0,0,101,3,52,0,4.1,gamepad,4,4,0,1,3,0,2,0,0,0,3,1,1,0,0,0,140,127,112,107,5,4,0,0,6,4,13,9,3,3,9,0,11,4
122,61ed3f51d794294667965abb,SaddlerJungMin,202201,½Â,0,0,1,0,0,0,90,1,47,0,4.65556,gamepad,7,5,0,4,4,0,1,0,0,0,6,3,1,1,0,0,125,116,82,81,6,4,0,0,3,2,33,29,1,0,11,0,9,4
123,61ed3f51d794294667965abb,KFCx¾ËÆÄ°í,202201,ÆÐ,0,0,0,0,0,0,91,3,53,0,3.41111,gamepad,6,4,0,0,0,0,0,0,1,0,2,0,4,0,0,0,113,103,96,90,1,1,0,0,4,2,12,10,0,0,5,0,7,3
124,61ed3cc35e71f06362c21711,SaddlerJungMin,202201,½Â,0,0,0,0,0,0,97,1,53,1,4.28333,gamepad,7,4,0,2,2,0,0,0,0,0,6,1,1,1,0,0,142,130,90,86,10,8,1,0,5,5,32,30,1,1,7,1,8,4
125,61ed3cc35e71f06362c21711,Vision½î´Ï,202201,ÆÐ,0,0,1,0,0,0,76,1,47,0,3.72778,keyboard,4,1,0,1,1,0,1,0,0,0,2,0,2,1,0,0,107,97,78,72,7,6,0,0,7,6,11,10,3,3,11,1,5,4
126,61ed3a16ab664267d7b64951,SaddlerJungMin,202201,ÆÐ,0,0,0,0,0,0,100,2,51,1,4.01667,gamepad,4,4,0,1,1,0,2,1,0,0,4,1,0,0,0,0,160,148,114,110,5,5,1,1,8,8,28,24,0,0,3,0,11,6
127,61ed3a16ab664267d7b64951,90minÇãÅÂ¿ø,202201,½Â,0,0,1,0,0,0,81,0,49,1,4.16111,gamepad,3,2,0,2,2,0,0,0,0,0,2,1,1,1,0,0,113,104,93,88,2,2,0,0,7,7,9,6,1,1,4,0,10,7
128,61ed365b80576d83e90f00d9,3¿¬½ÂÇÏ°í4¿¬ÆÐ,202201,½Â,0,2,0,0,0,0,73,4,49,0,5.70555,keyboard,9,6,0,4,4,0,1,1,0,0,6,4,2,0,0,0,116,103,89,86,9,3,0,0,0,0,12,10,5,4,3,1,9,7
129,61ed365b80576d83e90f00d9,SaddlerJungMin,202201,ÆÐ,0,0,0,0,0,0,96,0,51,1,4.08889,gamepad,4,4,0,3,3,0,0,0,0,0,2,2,2,1,0,0,142,133,91,90,11,10,0,0,6,5,30,26,2,2,10,0,7,5
130,61ed33b780576d0cd60ecec7,SaddlerJungMin,202201,ÆÐ,0,0,1,1,0,0,93,1,50,2,4.08333,gamepad,5,5,0,2,2,0,1,1,0,0,3,2,1,0,0,0,153,140,107,102,5,5,0,0,6,5,33,27,1,1,7,0,14,7
131,61ed33b780576d0cd60ecec7,Mystico¶óÃ¢,202201,½Â,0,0,0,0,0,0,92,2,50,0,4.38889,gamepad,7,5,0,3,3,0,1,0,0,0,4,1,2,2,0,0,130,118,104,102,8,6,0,0,4,3,10,6,1,1,6,0,11,3
132,61ed2fe0c426dd4588c3b0ba,SaddlerJungMin,202201,½Â,0,0,0,0,0,0,111,2,49,3,4.33889,gamepad,7,5,0,3,3,0,1,0,0,0,5,1,1,1,1,1,175,158,117,111,12,9,1,1,6,6,37,31,1,0,6,0,18,10
133,61ed2fe0c426dd4588c3b0ba,PSMGSeYun,202201,ÆÐ,0,0,1,0,0,0,119,2,51,1,3.92778,gamepad,4,2,0,1,1,0,1,1,0,0,2,1,2,0,0,0,141,126,84,77,15,14,0,0,11,10,28,25,0,0,7,2,15,6
134,61ed2d1d6372ef7ccd051cf4,SaddlerJungMin,202201,ÆÐ,0,0,0,0,0,0,95,0,57,1,4.11667,gamepad,2,2,0,2,2,0,0,0,0,0,2,2,0,0,0,0,155,141,100,90,7,7,0,0,1,1,45,43,0,0,8,1,13,8
135,61ed2d1d6372ef7ccd051cf4,SainT°û½ÂÇå,202201,½Â,0,0,0,0,0,0,72,2,43,1,4.38333,gamepad,8,8,0,4,4,0,0,0,0,0,5,4,2,0,0,0,80,75,52,50,4,3,0,0,3,3,18,17,3,2,4,0,16,10
136,61ed2a90a6b5cc0923f28a49,SaddlerJungMin,202201,½Â,0,0,0,0,0,0,87,1,51,0,4.31111,gamepad,7,6,0,3,3,0,1,0,0,0,5,3,2,0,0,0,140,129,89,85,11,9,1,1,2,2,36,31,1,1,4,0,17,10
137,61ed2a90a6b5cc0923f28a49,ÀÌ·¹PC¹æ,202201,ÆÐ,0,0,0,0,0,0,88,0,49,0,3.77778,keyboard,2,2,0,2,2,0,0,0,0,0,2,2,0,0,0,0,125,116,109,105,3,3,0,0,0,0,10,7,1,1,9,0,6,3
138,61ec076b6940b7bc04b5ad80,SaddlerJungMin,202201,ÆÐ,0,0,1,0,0,0,107,0,45,0,3.96667,gamepad,5,3,0,2,2,0,0,0,0,0,0,1,4,1,0,0,162,151,111,110,10,9,0,0,4,4,34,27,3,1,9,1,16,9
139,61ec076b6940b7bc04b5ad80,CrownK°¡»Ó,202201,½Â,0,0,0,0,0,0,129,2,55,1,4.18889,gamepad,7,6,0,3,3,0,0,0,0,0,4,3,3,0,0,0,169,156,149,140,2,2,0,0,0,0,12,10,4,4,10,0,20,5
140,61ec0504d7942946898984b2,SaddlerJungMin,202201,ÆÐ,0,0,0,0,0,0,97,0,55,0,3.91111,gamepad,3,3,0,2,2,0,0,0,0,0,2,2,1,0,0,0,148,133,102,94,5,5,0,0,4,4,33,29,1,1,8,0,9,4
141,61ec0504d7942946898984b2,Ç²»ìÇÏÁî¾Æ,202201,½Â,0,0,0,0,0,0,59,1,45,1,4.06111,gamepad,5,5,0,3,3,0,0,0,0,0,5,3,0,0,0,0,96,87,64,63,4,1,0,0,0,0,24,22,2,1,8,0,7,6
142,61ebfc6b47c2f43e9cebb01b,SaddlerJungMin,202201,½Â,0,0,2,0,0,0,120,0,50,1,4.33333,gamepad,8,6,0,4,4,0,1,1,0,0,7,4,1,0,0,0,195,177,137,131,5,5,1,0,2,2,47,37,2,2,13,1,17,7
143,61ebfc6b47c2f43e9cebb01b,¿¢¼Ò´õ½º¼ÛÇÏ¿µ,202201,ÆÐ,0,0,0,0,0,0,105,2,50,0,4.01667,gamepad,6,4,0,3,3,0,0,0,1,0,2,2,4,1,0,0,171,152,135,128,5,1,1,0,9,8,18,15,0,0,6,1,15,6
144,61ebf9add6ad226f7c514129,SaddlerJungMin,202201,ÆÐ,0,0,0,0,0,0,92,0,46,0,3.62778,gamepad,1,1,0,0,0,0,0,0,0,0,1,0,0,0,0,0,135,123,89,82,3,2,0,0,8,7,34,32,0,0,2,0,13,7
145,61ebf9add6ad226f7c514129,ICONWayneRooney,202201,½Â,0,0,0,0,0,0,96,2,54,2,4.66667,gamepad,6,4,0,3,3,0,1,0,0,0,4,3,1,0,0,0,112,105,82,80,5,4,0,0,9,8,11,10,3,3,6,1,9,6
146,61ebf73f80576dbc7900d5a2,20000820,202201,½Â,0,0,0,0,0,0,95,0,54,0,4.12778,gamepad,2,2,0,2,2,0,0,0,0,0,1,2,0,0,0,0,127,120,111,108,6,4,0,0,3,2,6,6,0,0,2,0,5,1
147,61ebf73f80576dbc7900d5a2,SaddlerJungMin,202201,ÆÐ,0,0,0,0,0,0,87,0,46,3,3.8,gamepad,3,3,0,1,1,0,0,0,0,0,3,1,0,0,0,0,133,126,95,92,3,3,0,0,0,0,31,28,3,3,2,0,9,4
148,61ebf4b2d6ad22474f50d57f,SaddlerJungMin,202201,ÆÐ,0,0,1,1,0,0,96,3,50,2,3.65556,gamepad,3,2,0,0,0,0,0,0,0,0,2,0,1,0,0,0,140,127,84,82,6,2,1,0,2,2,44,40,1,1,6,0,18,9
149,61ebf4b2d6ad22474f50d57f,LIILXLLI,202201,½Â,0,0,0,0,0,0,82,0,50,1,4.43333,gamepad,3,2,0,2,2,0,0,0,1,0,0,2,1,0,0,0,112,105,88,84,5,5,0,0,1,1,16,14,1,1,10,0,10,5
150,61ebf213a6b5cc6d1de5cb75,SaddlerJungMin,202201,½Â,0,0,0,0,0,0,108,3,58,0,4.53333,gamepad,10,9,0,3,3,0,0,0,0,0,7,3,2,0,0,0,166,155,108,106,12,11,0,0,3,3,40,34,2,1,6,0,6,4
151,61ebf213a6b5cc6d1de5cb75,SainT°û½ÂÇå,202201,ÆÐ,0,0,1,0,0,0,64,0,42,1,3.51667,gamepad,4,3,0,1,1,0,1,0,0,0,3,1,1,0,0,0,85,76,61,61,5,3,0,0,4,4,12,7,2,1,11,1,12,3
152,61ebef618869712a7e663541,EuniceDY,202201,½Â,0,0,0,1,0,0,103,2,55,1,4.50556,gamepad,5,4,0,3,3,0,0,0,0,0,4,3,1,0,0,0,144,132,117,110,3,2,0,0,1,1,19,17,2,2,5,0,5,5
153,61ebef618869712a7e663541,SaddlerJungMin,202201,ÆÐ,0,0,0,0,0,0,72,0,45,0,3.75556,gamepad,1,1,0,1,1,0,0,0,0,0,0,0,1,1,0,0,129,108,90,80,4,2,0,0,0,0,32,26,1,0,9,1,20,8
154,61e9c489ab773a71a970476c,SimBaÈÖ½½v,202201,½Â,0,0,2,0,0,0,90,0,50,0,4.31667,gamepad,7,6,0,3,3,0,1,0,0,0,5,2,2,1,0,0,108,97,85,82,6,4,0,0,1,0,10,7,5,4,6,1,10,4
155,61e9c489ab773a71a970476c,SaddlerJungMin,202201,ÆÐ,0,0,0,0,0,0,82,0,50,0,3.81667,gamepad,5,1,0,1,1,0,2,1,0,0,3,1,2,0,0,0,120,106,87,79,3,3,0,0,3,2,25,21,2,1,7,1,6,4
156,61e9a08bbfd938d15a472696,KFCx·Î¸¸È«,202201,ÆÐ,2,1,1,0,0,0,73,3,55,0,3.32778,gamepad,8,6,0,0,0,0,1,0,0,0,7,0,1,0,0,0,99,84,73,68,2,2,0,0,9,6,15,8,0,0,5,0,7,4
157,61e9a08bbfd938d15a472696,SaddlerJungMin,202201,½Â,1,0,0,0,0,0,0,0,0,0,0.0,gamepad,0,0,0,0,3,0,0,0,0,0,0,0,0,0,0,0,0,0,0,0,0,0,0,0,0,0,0,0,0,0,0,0,0,0
158,61e99de743a405b56ba9689b,UnLMTD±¸Çö¸ð,202201,ÆÐ,0,0,1,0,0,0,87,1,47,0,3.96111,gamepad,7,6,0,3,3,0,2,1,0,0,5,2,2,1,0,0,135,121,97,90,4,2,1,1,3,3,30,25,0,0,6,0,13,5
159,61e99de743a405b56ba9689b,SaddlerJungMin,202201,½Â,0,1,0,0,0,0,97,1,53,0,4.36667,gamepad,7,5,0,4,4,0,2,0,0,0,5,3,1,0,1,1,143,130,89,86,8,5,0,0,2,2,41,36,1,1,9,1,6,3
160,61e99b54550f970b929fb812,PSMGaming,202201,ÆÐ,0,0,1,1,0,0,83,2,51,1,3.82778,gamepad,3,3,0,0,0,0,0,0,0,0,2,0,1,0,0,0,97,93,79,78,2,1,0,0,3,3,12,11,0,0,10,1,10,5
161,61e99b54550f970b929fb812,SaddlerJungMin,202201,½Â,0,0,1,0,0,0,75,3,49,0,4.30556,gamepad,6,6,0,1,1,0,1,0,1,0,6,1,0,0,0,0,124,118,86,84,6,5,1,0,1,1,29,28,0,0,4,0,13,7
162,61e996e6e21a03c34c501110,SaddlerJungMin,202201,½Â,0,0,1,0,0,0,95,1,51,0,4.39444,gamepad,7,6,0,4,4,0,0,0,0,0,3,2,3,1,1,1,132,124,79,75,6,5,0,0,7,6,40,38,0,0,5,0,8,7
163,61e996e6e21a03c34c501110,HITÅ·,202201,ÆÐ,0,0,1,0,0,0,79,0,49,0,3.19444,keyboard,3,2,0,1,1,0,1,1,0,0,2,1,0,0,1,0,99,95,70,69,4,3,0,0,1,1,19,18,5,4,9,0,2,0
164,61e993dd380976704d9e4dce,Á¶¹úÃá,202201,½Â,0,0,0,0,0,0,87,2,58,1,4.32778,gamepad,4,3,0,3,3,0,1,0,0,0,3,3,0,0,0,0,124,111,99,95,7,2,0,0,5,3,10,9,2,2,3,1,9,8
165,61e993dd380976704d9e4dce,SaddlerJungMin,202201,ÆÐ,0,0,0,1,0,0,79,1,42,0,3.66111,gamepad,2,2,0,1,1,0,1,1,0,0,1,1,1,0,0,0,112,101,62,58,7,7,0,0,4,4,35,31,1,1,6,0,11,4
166,61e90f948f3e70ad83fcb01c,SaddlerJungMin,202201,ÆÐ,0,0,0,0,0,0,94,2,52,0,3.73889,gamepad,4,4,0,1,1,0,0,0,0,0,3,1,1,0,0,0,137,120,83,76,9,6,0,0,2,2,39,35,1,1,3,0,12,5
167,61e90f948f3e70ad83fcb01c,Freeminu,202201,½Â,0,0,0,0,0,0,71,1,48,1,4.59444,keyboard,7,5,0,4,4,0,0,0,0,0,5,4,2,0,0,0,113,102,78,76,1,1,0,0,3,1,24,21,6,3,5,0,5,4
168,61e90cf08b608efd9f9638c6,SaddlerJungMin,202201,½Â,0,0,0,0,0,0,101,0,59,1,4.40556,gamepad,4,4,0,3,3,0,1,0,0,0,4,3,0,0,0,0,155,146,103,101,11,10,1,0,2,2,37,32,1,1,9,1,3,1
169,61e90cf08b608efd9f9638c6,¸±¶ó,202201,ÆÐ,0,0,0,0,0,0,70,1,41,2,3.65,gamepad,7,5,0,1,1,0,1,0,0,0,5,1,2,0,0,0,108,100,81,77,6,6,0,0,2,2,16,15,1,0,8,0,1,0
170,61e909a077a7a778110d7b36,SaddlerJungMin,202201,½Â,0,0,0,0,0,0,96,6,39,1,4.15,gamepad,11,8,0,3,3,0,1,1,0,0,8,2,2,0,1,1,131,120,85,82,10,7,1,0,4,3,28,25,3,3,11,4,12,4
171,61e909a077a7a778110d7b36,´Ð³×ÀÓº´±Ç±Ç,202201,ÆÐ,0,0,1,0,0,0,153,3,61,0,4.21667,gamepad,8,7,0,2,2,0,0,0,0,0,5,1,3,1,0,0,226,215,198,193,5,2,0,0,5,4,17,16,0,0,13,1,8,4
172,61e9071a105f1300b70e5715,SaddlerJungMin,202201,½Â,0,0,0,1,0,0,103,0,58,0,4.48889,gamepad,6,6,0,4,4,0,0,0,0,0,4,3,1,0,1,1,166,157,115,110,5,5,0,0,0,0,41,39,4,3,9,1,11,7
173,61e9071a105f1300b70e5715,rolfosteus,202201,ÆÐ,0,0,2,0,0,0,63,1,42,1,3.81667,gamepad,5,5,0,3,3,0,0,0,0,0,3,2,2,1,0,0,84,72,58,52,1,1,1,1,1,1,21,17,1,0,9,0,18,7
174,61e9042378e95d7fff7e8b0f,SaddlerJungMin,202201,½Â,0,0,0,1,0,0,99,1,54,0,4.25556,gamepad,5,3,0,3,3,0,0,0,0,0,4,3,1,0,0,0,160,149,113,107,6,5,1,0,4,4,34,32,1,1,6,1,14,2
175,61e9042378e95d7fff7e8b0f,ChanceSnow,202201,ÆÐ,0,0,1,0,0,0,92,0,46,0,3.92222,keyboard,3,3,0,2,2,0,0,0,0,0,3,2,0,0,0,0,116,105,93,86,0,0,0,0,1,1,21,17,1,1,2,0,14,7
176,61e9016a3e98fbf7887ab582,¼Õ¹ßÀÌ²Ç²Ç,202201,ÆÐ,0,0,0,0,0,0,80,0,47,3,3.94444,keyboard,4,3,0,2,2,0,1,0,0,0,2,0,1,1,1,1,118,113,83,81,9,9,0,0,5,4,20,19,0,0,5,0,11,6
177,61e9016a3e98fbf7887ab582,SaddlerJungMin,202201,½Â,0,0,1,0,0,0,82,1,53,1,4.20556,gamepad,5,5,0,3,3,0,1,1,0,0,4,2,1,1,0,0,137,127,97,92,13,10,0,0,2,2,24,22,1,1,3,0,9,5
178,61e838e286cd5e6a3147169b,YouTube¿õ¿ëTV,202201,ÆÐ,0,0,0,0,0,0,84,1,54,1,3.73889,gamepad,3,3,0,1,1,0,0,0,0,0,3,1,0,0,0,0,149,139,115,112,1,1,0,0,0,0,32,26,0,0,5,0,9,6
179,61e838e286cd5e6a3147169b,SaddlerJungMin,202201,½Â,0,0,0,0,0,0,89,0,46,1,4.16111,gamepad,3,3,0,2,2,0,0,0,0,0,2,2,1,0,0,0,134,123,104,100,4,4,0,0,1,1,22,18,0,0,9,0,8,3
180,61e8308a42344df952523e54,SaddlerJungMin,202201,½Â,0,0,0,1,0,0,107,1,58,0,4.7,gamepad,9,7,0,4,4,0,1,0,0,0,8,4,1,0,0,0,155,145,100,96,7,5,0,0,7,5,39,37,2,2,3,0,13,6
181,61e8308a42344df952523e54,ÇÑÈ­ÄÚ½ÃÁøÃâ,202201,ÆÐ,0,0,0,0,0,0,0,0,0,0,0.0,gamepad,0,0,0,0,1,0,0,0,0,0,0,0,0,0,0,0,0,0,0,0,0,0,0,0,0,0,0,0,0,0,0,0,0,0
182,61e82dff0301dc4dbd896894,SaddlerJungMin,202201,ÆÐ,0,0,0,1,0,0,84,1,49,0,4.09444,gamepad,5,5,0,3,3,0,0,0,0,0,4,3,0,0,0,0,121,111,85,82,4,2,0,0,6,5,24,20,2,2,10,1,13,5
183,61e82dff0301dc4dbd896894,±×¸°PC¹æ,202201,½Â,0,0,1,2,0,0,99,0,51,1,4.29444,keyboard,5,4,0,4,4,0,0,0,0,0,4,3,0,1,0,0,114,103,101,95,2,0,0,0,0,0,6,5,3,3,6,0,5,3
184,61e82a3ce21a03de9944b6c5,WhizFoxAÀç¿ø,202201,ÆÐ,0,1,0,0,0,0,120,1,50,2,4.13333,gamepad,4,3,0,3,3,0,0,0,0,0,3,3,0,0,0,0,147,134,92,85,3,2,0,0,8,7,43,40,0,0,17,2,5,4
185,61e82a3ce21a03de9944b6c5,SaddlerJungMin,202201,½Â,0,0,2,0,0,0,130,4,50,2,4.12222,gamepad,11,7,3,3,3,0,0,0,0,0,6,3,4,0,0,0,178,165,117,112,7,6,0,0,11,11,42,35,1,1,7,0,29,12
186,61e827c242344d1aed51dca4,SaddlerJungMin,202201,ÆÐ,0,0,1,0,0,0,93,0,51,0,3.89444,gamepad,5,4,0,2,2,0,0,0,0,0,3,2,2,0,0,0,142,131,99,93,0,0,0,0,4,3,37,34,1,1,3,0,14,5
187,61e827c242344d1aed51dca4,À¯¹ÎÇõ,202201,½Â,0,0,0,0,0,0,88,1,49,0,4.19444,gamepad,5,4,0,3,3,0,0,0,1,0,3,3,2,0,0,0,121,111,99,94,11,8,0,0,3,3,5,4,2,2,7,1,11,3
188,61e82545e705f8e99d42205d,SaddlerJungMin,202201,ÆÐ,0,0,0,0,0,0,86,0,48,1,3.71111,gamepad,3,1,0,1,1,0,0,0,0,0,1,0,1,0,1,1,135,126,98,95,6,5,0,0,2,2,22,21,3,3,6,1,17,5
189,61e82545e705f8e99d42205d,¾ÆÀÌÄÜÂ¯±¸,202201,½Â,0,0,1,0,0,0,90,0,52,0,4.18333,gamepad,6,6,0,2,2,0,1,0,0,0,4,2,2,0,0,0,112,104,96,91,0,0,0,0,5,5,9,8,0,0,5,0,21,8
190,61e7e8aa01f0740eaf755732,SaddlerJungMin,202201,½Â,0,0,0,0,0,0,96,4,57,0,4.5,gamepad,9,5,0,3,3,0,3,1,0,0,8,3,1,0,0,0,155,141,107,100,6,5,1,1,6,5,33,28,2,2,8,2,9,7
191,61e7e8aa01f0740eaf755732,Zenithº§¶ó,202201,ÆÐ,0,0,0,0,0,0,66,1,43,0,3.86111,gamepad,4,4,0,2,2,0,0,0,0,0,3,1,1,1,0,0,90,78,64,58,5,3,0,0,3,3,14,13,2,1,7,0,13,4
192,61e7e736bfd938a41337eb6c,SaddlerJungMin,202201,ÆÐ,2,1,0,0,0,0,51,0,49,0,3.17778,gamepad,0,0,0,0,0,0,0,0,0,0,0,0,0,0,0,0,74,67,49,46,5,4,0,0,1,1,19,16,0,0,3,0,4,3
193,61e7e736bfd938a41337eb6c,Ç²»ìÇÏÁî¾Æ,202201,½Â,1,1,0,0,0,0,47,0,51,0,4.63889,gamepad,5,3,0,3,3,0,1,1,0,0,5,3,0,0,0,0,88,82,58,57,3,2,0,0,0,0,25,22,1,1,2,0,6,4
194,61e7e286bfd9388acc37b68e,SaddlerJungMin,202201,½Â,0,0,0,0,0,0,99,2,52,2,4.59444,gamepad,6,5,0,2,2,0,0,0,0,0,4,2,1,0,0,0,130,123,85,81,9,8,0,0,1,1,35,33,0,0,4,0,6,5
195,61e7e286bfd9388acc37b68e,Ãµ¾È²ÜÁÖ¸Ô,202201,ÆÐ,0,0,0,1,0,0,72,1,48,0,3.58333,keyboard,2,2,0,0,0,0,0,0,0,0,2,0,0,0,0,0,93,84,60,56,1,1,0,0,4,4,26,23,1,0,10,0,5,1
196,61e7dfc2d305d4ba7b2c81d8,SaddlerJungMin,202201,½Â,0,0,1,0,0,0,111,1,51,0,4.3,gamepad,5,5,0,3,3,0,1,1,0,0,5,3,0,0,0,0,145,137,104,102,3,2,0,0,2,2,33,29,2,2,8,0,4,1
197,61e7dfc2d305d4ba7b2c81d8,¿¤¸®³ë¾îÁ¤ÀçÈñ,202201,ÆÐ,0,0,0,0,0,0,79,0,49,0,3.93889,gamepad,3,3,0,2,2,0,0,0,1,0,1,1,2,1,0,0,139,129,112,107,10,8,0,0,3,3,13,10,1,1,4,0,18,8
198,61e7dd1aafcb9b0a3586247d,SaddlerJungMin,202201,½Â,0,0,1,0,0,0,86,0,50,2,4.33889,gamepad,6,5,0,4,4,0,1,1,0,0,5,4,0,0,0,0,127,114,85,84,6,4,1,0,3,3,28,23,0,0,9,0,10,5
199,61e7dd1aafcb9b0a3586247d,µ¹°³,202201,ÆÐ,0,0,1,0,0,0,81,0,50,0,4.03333,gamepad,3,3,0,3,3,0,0,0,0,0,3,3,0,0,0,0,122,106,96,90,0,0,1,0,6,5,10,9,5,2,5,0,17,9
200,61e7da4d312694e2a548f544,SaddlerJungMin,202201,ÆÐ,0,0,0,0,0,0,83,0,49,1,3.69444,gamepad,6,3,0,1,1,0,0,0,1,0,5,1,1,0,0,0,131,121,93,87,11,9,0,0,4,4,23,21,0,0,8,1,4,3
201,61e7da4d312694e2a548f544,¹èÆ²ÇÊµå2042,202201,½Â,0,0,2,0,0,0,65,3,51,0,4.5,keyboard,9,6,0,3,3,0,2,1,0,0,5,3,4,0,0,0,92,85,68,66,5,3,0,0,3,2,13,11,3,3,6,0,7,2
202,61e7d453bad3765ae03087e0,SaddlerJungMin,202201,½Â,0,0,0,0,0,0,105,4,54,0,4.49444,gamepad,11,9,0,3,3,0,1,0,0,0,8,2,3,1,0,0,157,145,105,103,9,8,0,0,5,5,35,29,0,0,3,1,15,6
203,61e7d453bad3765ae03087e0,ºò¼î¶ß,202201,ÆÐ,0,0,0,0,0,0,68,1,46,0,3.84444,gamepad,3,2,0,1,1,0,1,0,0,0,2,1,1,0,0,0,101,94,79,76,2,2,1,0,5,5,9,8,3,3,16,3,3,2
204,61e7d10243a4055f1a987909,SaddlerJungMin,202201,¹«,0,0,1,0,0,0,50,1,34,0,3.70556,gamepad,7,4,0,1,1,0,0,0,0,0,5,1,2,0,0,0,79,74,50,48,8,7,0,0,2,2,18,16,1,1,8,1,15,7
205,61e7d10243a4055f1a987909,½½ÇÂÈ¦¶õµå,202201,¹«,0,0,0,0,0,0,108,0,66,0,4.1,gamepad,3,1,0,1,1,0,1,0,0,0,2,1,1,0,0,0,147,141,111,108,3,3,0,0,5,5,22,22,3,3,4,0,4,2
206,61e7ce67b08f648acfab1e34,SaddlerJungMin,202201,½Â,0,0,0,0,0,0,103,1,58,0,4.69444,gamepad,4,4,0,2,2,0,0,0,0,0,3,1,1,1,0,0,183,166,124,119,16,11,0,0,2,2,36,32,2,2,4,0,7,6
207,61e7ce67b08f648acfab1e34,¸¶·ç»çÀå,202201,ÆÐ,0,0,2,0,0,0,61,0,42,0,3.51111,keyboard,1,1,0,0,0,0,0,0,0,0,1,0,0,0,0,0,91,79,67,61,3,3,0,0,2,2,14,11,5,2,9,1,9,6
208,61e6b93e8b608ee0e1832e48,·Î»çº§¶ó,202201,½Â,0,1,0,1,0,0,107,1,60,1,5.62778,gamepad,4,3,0,2,3,0,1,1,0,0,2,2,1,0,0,0,187,179,160,157,4,3,0,0,0,0,21,18,2,1,6,0,9,3
209,61e6b93e8b608ee0e1832e48,SaddlerJungMin,202201,ÆÐ,0,0,0,0,0,0,67,0,40,1,3.96111,gamepad,3,3,0,2,2,1,0,0,0,0,3,2,0,0,0,0,87,80,52,52,8,6,0,0,5,5,21,16,1,1,6,0,10,5
210,61e6b65c38097654cd8734bf,SaddlerJungMin,202201,½Â,0,0,1,0,0,0,98,0,54,1,4.46111,gamepad,4,4,0,4,4,0,0,0,0,0,3,4,0,0,0,0,146,133,92,90,9,9,0,0,7,7,36,26,2,1,6,1,10,5
211,61e6b65c38097654cd8734bf,¾à»ç,202201,ÆÐ,0,0,1,0,0,0,83,2,46,0,3.93889,keyboard,8,7,0,2,2,0,1,0,0,0,6,2,2,0,0,0,104,95,78,73,8,6,0,0,4,4,13,11,1,1,8,0,15,4
212,61e6b3e042344d007c44d903,SaddlerJungMin,202201,½Â,0,0,1,0,0,0,87,3,51,1,4.50556,gamepad,7,4,0,3,3,0,0,0,0,0,7,3,0,0,0,0,125,114,88,83,8,7,2,2,4,4,22,18,1,0,6,0,16,8
213,61e6b3e042344d007c44d903,GEEKSTAR»çÀå´Ô,202201,ÆÐ,0,0,0,0,0,0,74,2,49,0,3.82222,gamepad,3,3,0,1,1,0,0,0,0,0,2,1,1,0,0,0,111,96,82,76,7,4,1,1,6,5,13,9,2,1,5,1,10,4
214,61e6b148105f1368fafc17c8,SaddlerJungMin,202201,½Â,0,0,1,0,0,0,80,3,48,2,4.35,gamepad,3,1,0,1,1,0,1,0,0,0,1,0,1,0,1,1,112,102,66,65,9,7,0,0,6,5,28,23,2,2,8,0,8,6
215,61e6b148105f1368fafc17c8,²¿½îÇÏÀÌÃ÷Áö±â³×,202201,ÆÐ,0,0,1,0,0,0,74,4,52,2,3.85,gamepad,4,4,0,0,0,0,0,0,0,0,3,0,1,0,0,0,96,87,75,72,3,1,0,0,3,1,13,12,1,1,9,0,3,3
216,61e6aec201f074499a6a9c8c,kkho,202201,½Â,0,0,0,0,0,0,72,1,48,0,4.13333,gamepad,3,3,0,2,2,0,0,0,0,0,2,1,1,1,0,0,127,121,102,100,13,12,0,0,3,3,8,6,1,0,7,1,16,5
217,61e6aec201f074499a6a9c8c,SaddlerJungMin,202201,ÆÐ,0,0,0,0,0,0,92,0,52,1,3.84444,gamepad,3,1,0,1,1,0,0,0,0,0,2,1,0,0,0,0,121,109,91,86,7,5,1,0,3,2,17,16,1,0,4,0,6,4
218,61e6abf1105f1377e0fbb630,SaddlerJungMin,202201,½Â,0,0,0,0,0,0,85,0,46,1,4.51667,gamepad,4,3,0,3,3,0,0,0,0,0,3,3,0,0,0,0,115,107,71,68,4,3,0,0,6,6,33,30,0,0,5,1,12,7
219,61e6abf1105f1377e0fbb630,Æø°Ý±â¿ë,202201,ÆÐ,0,0,0,0,0,0,79,2,54,2,3.35,keyboard,1,0,0,0,0,0,0,0,0,0,1,0,0,0,0,0,114,103,84,81,6,4,0,0,3,3,18,13,2,2,10,0,3,0
220,61e6a956afcb9b341d7b90da,SaddlerJungMin,202201,½Â,0,0,1,0,0,0,94,0,54,0,4.53889,gamepad,7,6,0,3,3,0,3,1,0,0,6,3,1,0,0,0,135,126,87,84,16,13,0,0,6,6,23,20,3,3,3,0,17,9
221,61e6a956afcb9b341d7b90da,Çã¹÷,202201,ÆÐ,0,0,1,0,0,0,62,0,46,0,3.71667,keyboard,2,2,0,1,1,0,0,0,0,0,0,0,1,0,1,1,89,74,63,59,6,3,0,0,2,2,14,9,2,1,7,0,14,8
222,61e6a60543a4054b8e8fe1f6,GalaxyXG±è°æ¹Î,202201,ÆÐ,0,0,1,0,0,0,123,5,48,0,3.95,gamepad,7,6,0,1,1,0,2,0,0,0,4,1,3,0,0,0,150,131,120,111,5,3,0,0,1,1,20,13,3,3,14,1,15,7
223,61e6a60543a4054b8e8fe1f6,SaddlerJungMin,202201,½Â,0,0,0,2,0,0,132,3,52,1,4.33889,gamepad,8,6,0,2,2,0,0,0,0,0,7,2,1,0,0,0,178,165,125,118,7,5,0,0,6,6,37,34,2,2,11,0,20,9
224,61e6a38fafcb9b17f67b2cd4,SaddlerJungMin,202201,½Â,0,0,0,0,0,0,95,1,55,0,4.68333,gamepad,5,5,0,4,4,0,1,1,0,0,4,4,1,0,0,0,141,128,85,82,10,9,0,0,6,5,40,32,0,0,13,1,9,6
225,61e6a38fafcb9b17f67b2cd4,¼¼¸£ÁÖ±×³Äºê¸®,202201,ÆÐ,0,0,0,0,0,0,67,1,45,2,3.54444,gamepad,6,5,0,1,1,0,1,1,0,0,6,1,0,0,0,0,104,94,76,71,2,2,0,0,5,5,20,16,0,0,3,0,9,1
226,61e69d0e42344d20d44355d2,¿Â³ªÈ¦,202201,¹«,0,0,0,0,0,0,73,1,41,0,3.95556,keyboard,5,3,0,2,2,0,0,0,0,0,2,2,2,0,0,0,106,94,78,70,1,1,0,0,4,4,22,18,1,1,6,1,8,3
227,61e69d0e42344d20d44355d2,SaddlerJungMin,202201,¹«,0,0,0,0,0,0,109,3,59,2,4.12778,gamepad,5,3,0,2,2,0,3,1,0,0,5,2,0,0,0,0,156,146,100,98,18,14,1,0,9,9,27,24,1,1,10,0,14,3
228,61e69a2c3809767d7c8581b4,SaddlerJungMin,202201,ÆÐ,0,0,0,0,0,0,93,0,52,0,3.75556,gamepad,4,3,0,2,2,0,1,1,0,0,3,2,1,0,0,0,122,114,82,78,14,10,0,0,5,5,20,20,1,1,4,0,11,2
229,61e69a2c3809767d7c8581b4,¿¤¸®³ë¾î½ºÆäÀÎ,202201,½Â,0,0,0,0,0,0,68,0,48,1,4.29444,gamepad,5,5,0,4,4,0,1,2,0,0,4,3,1,1,0,0,118,108,97,94,3,3,0,0,3,2,15,9,0,0,7,1,17,6
230,61e694ecafcb9bfc487a3c6a,SaddlerJungMin,202201,½Â,0,1,1,0,0,0,96,0,43,0,4.18333,gamepad,5,4,5,3,3,0,1,1,0,0,5,3,0,0,0,0,149,127,92,82,16,12,0,0,7,5,33,28,0,0,7,1,20,13
231,61e694ecafcb9bfc487a3c6a,EntryX¸¶¹Ì¼Õ,202201,ÆÐ,0,1,0,0,0,0,123,0,57,0,4.52778,gamepad,8,7,3,3,3,0,0,0,0,0,7,2,1,1,0,0,198,180,150,140,9,6,0,0,9,8,26,25,1,1,4,0,10,6
232,61e68dcfe705f8574e332e3c,SaddlerJungMin,202201,ÆÐ,0,0,0,0,0,0,81,2,47,1,3.05556,gamepad,6,3,0,0,0,0,2,0,1,0,4,0,2,0,0,0,102,88,56,53,4,4,2,2,11,11,28,18,1,0,8,0,18,6
233,61e68dcfe705f8574e332e3c,¸±¶ó,202201,½Â,0,0,1,0,0,0,81,0,53,0,4.83333,gamepad,6,5,0,5,5,0,0,0,0,0,4,5,1,0,0,0,123,114,97,93,4,4,1,1,5,4,12,10,3,2,8,1,5,3
234,61dd8d9b86bf8ac90b85968f,SaddlerJungMin,202201,½Â,0,1,0,0,0,0,104,2,45,1,4.3,gamepad,8,8,0,3,3,0,0,0,0,0,6,3,1,0,0,0,197,181,149,138,14,13,0,0,4,3,26,24,4,3,8,1,26,10
235,61dd8d9b86bf8ac90b85968f,Àë¹Ì´Ô,202201,ÆÐ,0,2,1,1,0,0,139,3,55,0,5.33333,gamepad,8,4,0,2,2,0,2,0,0,0,6,2,1,0,0,0,156,148,124,120,9,7,0,0,5,4,15,14,3,3,9,2,8,5
236,61dd88c43dd500d1464ceba2,SaddlerJungMin,202201,ÆÐ,0,2,1,0,0,0,77,0,45,1,3.93889,gamepad,3,2,0,2,2,0,0,0,0,0,3,2,0,0,0,0,134,121,94,92,11,8,0,0,3,2,25,19,0,0,9,1,18,6
237,61dd88c43dd500d1464ceba2,UnLMTDµ¿Çö,202201,½Â,0,0,0,0,0,0,108,1,55,1,4.31111,gamepad,10,8,0,3,3,0,1,1,0,0,7,2,1,0,1,1,140,133,108,103,4,4,0,0,7,7,18,17,3,2,2,0,9,4
238,61dd8488d63bd192de3e220c,SaddlerJungMin,202201,ÆÐ,0,2,0,0,0,0,95,3,55,0,4.06667,gamepad,4,3,0,1,1,0,2,1,0,0,3,1,1,0,0,0,141,130,103,97,12,11,0,0,4,3,21,18,1,1,8,1,12,7
239,61dd8488d63bd192de3e220c,ZenithÆùÆ®,202201,½Â,0,0,0,0,0,0,67,2,45,1,4.13333,gamepad,4,4,0,2,2,0,0,0,0,0,3,2,0,0,0,0,86,76,59,55,4,2,1,0,2,2,15,13,4,4,2,0,5,2
240,61d84c3a9e462a5ae98c7bf2,SaddlerJungMin,202201,ÆÐ,0,0,2,0,0,0,83,1,42,0,3.62222,gamepad,3,2,0,1,1,0,0,0,0,0,3,1,0,0,0,0,114,105,82,80,4,3,0,0,4,4,22,18,0,0,6,1,22,10
241,61d84c3a9e462a5ae98c7bf2,BenzKJS,202201,½Â,0,0,0,1,0,0,100,1,58,0,4.72778,gamepad,7,7,0,5,5,0,0,0,0,0,5,3,1,1,1,1,115,108,86,82,3,3,0,0,2,2,23,21,1,0,4,0,25,12
242,61d84982161aa86373ddfe44,VIsualKSS,202201,¹«,0,0,0,0,0,0,88,2,56,1,4.16111,gamepad,5,4,0,2,2,0,0,0,0,0,5,2,0,0,0,0,140,126,96,91,8,6,0,0,10,9,26,20,0,0,10,0,18,9
243,61d84982161aa86373ddfe44,SaddlerJungMin,202201,¹«,0,0,1,0,0,0,71,3,44,1,4.12222,gamepad,3,3,0,2,2,0,0,0,0,0,2,2,1,0,0,0,122,108,101,91,3,2,1,0,1,1,15,13,1,1,8,0,12,6
244,61d847130c62260fe9c8a74a,SaddlerJungMin,202201,½Â,0,0,0,0,0,0,51,3,36,2,3.98889,gamepad,7,6,0,2,2,0,0,0,0,0,4,2,2,0,0,0,73,65,52,49,5,2,0,0,4,4,11,10,0,0,12,1,15,2
245,61d847130c62260fe9c8a74a,Exodus¿øÀç,202201,ÆÐ,0,0,1,0,0,0,109,2,64,0,3.9,gamepad,4,3,0,1,1,0,0,0,0,0,3,1,1,0,0,0,124,116,94,91,3,3,1,1,10,10,14,11,0,0,8,2,6,4
246,61d844a30c62264655c876f6,SaddlerJungMin,202201,¹«,0,0,0,0,0,0,91,1,53,0,4.23889,gamepad,6,4,0,2,2,0,0,0,0,0,5,2,1,0,0,0,129,116,91,83,8,7,0,0,3,3,25,22,1,1,8,0,12,6
247,61d844a30c62264655c876f6,·çµðÆç·¯,202201,¹«,0,0,0,0,0,0,74,1,47,1,4.15,keyboard,6,5,0,2,2,0,2,1,0,0,3,2,3,0,0,0,125,113,101,99,4,2,0,0,0,0,17,12,2,0,7,0,19,9
248,61d840edd8927407d759b1e7,SaddlerJungMin,202201,½Â,0,0,0,0,0,0,87,0,52,0,4.28889,gamepad,3,3,0,2,2,0,1,1,0,0,2,2,0,0,0,0,133,118,93,87,8,6,0,0,1,1,28,24,1,0,2,1,18,6
249,61d840edd8927407d759b1e7,Mystico¶óÃ¢,202201,ÆÐ,0,0,0,0,0,0,103,2,48,1,3.97778,gamepad,5,5,0,1,1,0,0,0,0,0,5,1,0,0,0,0,128,116,101,99,2,0,0,0,3,3,19,14,1,0,8,0,14,7
250,61d83e442860472fc0d10874,SaddlerJungMin,202201,ÆÐ,0,0,1,0,0,0,94,2,52,0,3.65556,gamepad,6,4,0,1,2,0,0,0,0,0,5,1,1,0,0,0,135,128,95,90,6,5,0,0,5,5,29,28,0,0,7,1,14,6
251,61d83e442860472fc0d10874,Eunice°­¹Î¼ö,202201,½Â,0,1,2,0,0,0,85,0,48,0,5.24444,gamepad,5,4,0,3,3,1,0,0,0,0,4,3,1,0,0,0,145,138,113,109,5,5,0,0,7,7,15,15,2,2,7,0,9,4
252,61d83b8ac6a704380e674603,¶±»çÀå´Ô,202201,½Â,0,0,0,0,0,0,65,0,48,0,4.54444,keyboard,6,6,0,4,4,0,0,0,2,0,3,3,3,1,0,0,113,101,88,80,1,0,0,0,6,5,17,15,1,1,4,0,7,5
253,61d83b8ac6a704380e674603,SaddlerJungMin,202201,ÆÐ,0,0,2,0,0,0,93,0,52,0,3.73333,gamepad,5,4,0,1,1,0,1,0,0,0,5,1,0,0,0,0,134,126,101,97,3,3,0,0,5,4,24,22,0,0,5,0,11,3
254,61d838c41515980c8cc5744a,SaddlerJungMin,202201,½Â,0,0,0,0,0,0,95,1,54,3,4.4,gamepad,4,4,0,1,1,0,1,0,0,0,2,1,2,0,0,0,138,131,95,93,9,7,0,0,3,3,30,28,0,0,6,1,7,5
255,61d838c41515980c8cc5744a,ÆÀÇÃ·¹ÀÌxÃÖ½ÂÇõ,202201,ÆÐ,0,0,0,0,0,0,72,2,46,0,3.81111,gamepad,1,1,0,0,0,0,0,0,0,0,1,0,0,0,0,0,96,86,78,73,4,4,1,0,4,2,9,7,0,0,6,0,18,6
256,61d8362407769f225c0ba057,SaddlerJungMin,202201,½Â,0,0,1,0,0,0,112,3,61,0,4.42222,gamepad,7,7,0,3,3,0,1,1,0,0,5,3,2,0,0,0,175,165,129,127,10,6,0,0,7,6,27,24,2,2,4,0,13,5
257,61d8362407769f225c0ba057,iNNo¹Ú¼º¹è,202201,ÆÐ,0,0,0,0,0,0,56,2,39,0,3.76111,gamepad,5,4,0,2,2,0,0,0,1,1,3,1,2,1,0,0,81,74,60,59,1,1,0,0,7,7,12,7,1,0,5,0,5,0
258,61d832a97d15906056d1429b,¿ªµµ»ê,202201,ÆÐ,0,0,0,0,0,0,71,1,46,4,3.82778,gamepad,4,2,0,1,1,0,0,0,0,0,2,1,2,0,0,0,83,72,61,56,3,2,0,0,2,2,16,12,0,0,6,0,8,4
259,61d832a97d15906056d1429b,SaddlerJungMin,202201,½Â,0,0,0,0,0,0,85,1,54,0,4.45556,gamepad,5,4,0,3,3,0,0,0,0,0,3,3,0,0,0,0,125,113,78,76,11,10,0,0,7,6,25,18,4,3,5,1,16,8
260,61d82ebbd721633fdd37dd9f,SaddlerJungMin,202201,½Â,0,0,0,0,0,0,110,0,50,2,4.31667,gamepad,5,4,0,4,4,0,1,0,0,0,4,3,1,1,0,0,168,153,121,115,11,8,0,0,6,4,27,24,3,2,11,1,24,16
261,61d82ebbd721633fdd37dd9f,MoMÆø±º,202201,ÆÐ,0,1,0,0,0,0,109,1,50,2,3.85556,gamepad,4,3,0,2,2,0,0,1,0,0,1,1,2,1,0,0,158,146,122,118,5,4,0,0,4,3,24,21,0,0,9,0,14,5
262,61d82b6a1317beddf4664c78,SaddlerJungMin,202201,½Â,0,0,0,0,0,0,131,0,54,0,4.39444,gamepad,5,5,0,4,4,0,0,0,0,0,5,4,0,0,0,0,176,162,122,116,7,5,0,0,8,7,39,34,0,0,8,0,13,8
263,61d82b6a1317beddf4664c78,VolitionÁØ¼ö,202201,ÆÐ,0,0,0,0,0,0,98,1,46,0,3.87778,gamepad,6,4,0,3,3,0,0,0,0,0,5,3,1,0,0,0,143,124,104,99,6,2,0,0,4,2,24,21,2,0,8,0,10,3
264,61d7060086bf8a0835422161,ºñ½Ñ±ÍÁö,202201,½Â,0,0,0,0,0,0,71,0,46,0,4.11667,gamepad,2,2,0,2,2,0,0,0,0,0,2,2,0,0,0,0,103,92,84,77,3,2,0,0,10,9,5,4,0,0,8,1,4,1
265,61d7060086bf8a0835422161,SaddlerJungMin,202201,ÆÐ,0,0,0,0,0,0,93,2,54,2,3.99444,gamepad,7,6,0,1,1,0,1,1,0,0,6,1,1,0,0,0,148,138,119,115,4,3,1,0,3,2,20,18,1,0,8,0,17,9
266,61d702685ffa1ba7999fe5f1,SaddlerJungMin,202201,ÆÐ,0,0,0,0,0,0,59,1,44,1,3.84444,gamepad,3,3,0,1,1,0,1,1,0,0,3,1,0,0,0,0,99,88,73,66,9,6,0,0,3,3,13,13,1,0,4,1,20,9
267,61d702685ffa1ba7999fe5f1,¸Þ½Ã,202201,½Â,0,0,0,0,0,0,81,1,56,0,4.47222,gamepad,5,5,0,3,3,0,0,0,0,0,3,3,2,0,0,0,120,113,96,95,3,1,0,0,4,4,14,11,3,2,5,0,9,6
268,61d6ff6a286047a943c486ff,SaddlerJungMin,202201,½Â,0,0,0,0,0,0,73,1,42,2,4.15556,gamepad,8,6,0,4,4,0,1,0,0,0,7,4,1,0,0,0,104,97,63,62,6,5,0,0,3,3,27,24,3,3,4,0,11,4
269,61d6ff6a286047a943c486ff,°ñ·ê·¿Á¾½Å°è¾à,202201,ÆÐ,0,0,1,0,0,0,98,0,58,0,4.14444,gamepad,3,3,0,3,3,0,1,1,0,0,3,3,0,0,0,0,155,147,126,120,6,4,0,0,9,9,12,12,2,2,2,0,11,7
270,61d6fcac86bf8a0fd5419ba1,SaddlerJungMin,202201,½Â,0,0,0,0,0,0,80,1,48,0,4.43889,gamepad,4,4,0,3,3,0,0,0,0,0,3,2,1,1,0,0,110,99,74,69,6,6,0,0,8,5,20,17,2,2,9,2,9,5
271,61d6fcac86bf8a0fd5419ba1,UnLMTDÇö¸ð,202201,ÆÐ,0,0,0,0,0,0,95,3,52,0,3.63333,gamepad,6,3,0,1,1,0,0,0,0,0,4,1,2,0,0,0,141,124,107,99,2,0,1,1,10,8,16,14,2,2,10,0,9,4
272,61d6f8a519fbda0f4ac894c7,SaddlerJungMin,202201,ÆÐ,0,0,1,0,0,0,122,2,52,1,4.27222,gamepad,6,4,1,3,3,0,1,0,0,0,6,3,0,0,0,0,175,163,128,124,16,10,0,0,4,4,25,23,2,2,14,2,15,8
273,61d6f8a519fbda0f4ac894c7,Á¦¶óµåº¸´Üº£ÄÄ,202201,½Â,0,0,0,0,0,0,99,2,48,0,4.17778,keyboard,9,8,3,3,3,0,2,1,0,0,3,1,6,2,0,0,131,118,89,85,9,7,0,0,10,10,18,15,2,1,7,1,18,7
274,61d6f5c3f6c45b184fbda93e,SaddlerJungMin,202201,½Â,0,0,0,0,0,0,83,2,52,0,4.91667,gamepad,8,8,0,6,6,0,1,1,0,0,7,6,1,0,0,0,119,110,81,77,14,13,0,0,2,1,17,16,3,3,7,1,15,7
275,61d6f5c3f6c45b184fbda93e,ÆÀÇÃ·¹ÀÌxÃÖ½ÂÇõ,202201,ÆÐ,0,0,0,0,0,0,93,6,48,0,3.6,gamepad,9,7,0,1,1,0,0,0,0,0,8,1,1,0,0,0,112,101,94,89,2,1,4,2,4,4,5,4,2,1,6,1,17,7
276,61d6f22ad71d7a366f108cd2,SaddlerJungMin,202201,½Â,0,0,1,0,0,0,142,1,58,0,4.68889,gamepad,11,10,0,7,7,1,1,0,0,0,9,5,1,1,1,1,210,199,160,154,15,13,0,0,4,4,31,28,0,0,5,0,12,6
277,61d6f22ad71d7a366f108cd2,AzTM¿øÇÇ½º,202201,ÆÐ,0,1,2,0,0,0,81,3,42,0,3.78333,gamepad,9,8,0,3,4,0,3,0,0,0,7,3,2,0,0,0,115,97,86,78,8,4,0,0,2,1,15,11,3,3,8,1,28,11
278,61d6efb1c6a70476655bbb77,Á¤Á¡,202201,ÆÐ,0,0,0,0,0,0,59,0,41,0,3.81667,gamepad,5,5,0,1,1,0,0,0,0,0,4,1,0,0,1,0,108,97,83,78,7,5,0,0,0,0,15,12,3,2,9,0,12,6
279,61d6efb1c6a70476655bbb77,SaddlerJungMin,202201,½Â,0,0,3,0,0,0,93,0,59,1,4.4,gamepad,6,3,0,2,2,0,0,0,0,0,5,2,1,0,0,0,155,149,113,110,8,8,1,1,4,4,26,25,2,1,7,1,12,3
280,61d6ed1107769f759dfff414,ÇÇÆÄÇÏ´Ù°¡Á×À»²¨,202201,ÆÐ,0,0,2,0,0,0,57,1,37,0,2.3,keyboard,3,1,0,0,0,0,0,0,0,0,3,0,0,0,0,0,81,73,60,54,1,1,0,0,7,7,12,11,0,0,12,1,10,3
281,61d6ed1107769f759dfff414,SaddlerJungMin,202201,½Â,0,0,0,0,0,0,110,2,63,1,5.22222,gamepad,11,11,0,8,8,0,0,0,0,0,5,4,5,3,1,1,136,132,94,92,4,4,1,1,5,5,30,29,1,1,4,0,10,6
282,61d6ea7f5ffa1bb30a9e5f31,SaddlerJungMin,202201,½Â,0,0,0,0,0,0,88,0,52,1,4.86667,gamepad,7,7,0,5,5,0,1,1,0,0,6,5,0,0,0,0,129,122,83,78,8,8,0,0,9,9,29,27,0,0,5,0,11,7
283,61d6ea7f5ffa1bb30a9e5f31,±Ô¼º¿Àºü,202201,ÆÐ,0,0,0,0,0,0,64,2,48,1,2.80556,keyboard,4,2,0,0,0,0,1,0,0,0,2,0,2,0,0,0,77,71,49,47,8,7,0,0,12,11,6,6,1,0,4,0,8,4
284,61d6e6947e8f64b6423b9e6d,SaddlerJungMin,202201,½Â,0,0,0,0,0,0,143,2,56,0,4.25,gamepad,6,5,5,3,3,0,0,0,0,0,6,3,0,0,0,0,215,199,147,140,12,11,0,0,5,5,50,43,0,0,7,0,16,7
285,61d6e6947e8f64b6423b9e6d,RY¼ÕÈï¹Î,202201,ÆÐ,0,2,0,0,0,0,106,2,44,1,4.43333,keyboard,5,4,4,3,3,0,3,2,0,0,5,3,0,0,0,0,139,120,99,94,8,5,0,0,4,4,23,16,3,1,6,1,16,6
286,61d5937ace3e357c19958f7c,SaddlerJungMin,202113,½Â,0,0,2,0,0,0,111,1,50,5,4.25556,gamepad,6,4,4,2,2,0,1,0,0,0,3,0,3,2,0,0,174,156,119,113,5,5,1,1,8,6,36,29,5,2,14,1,23,14
287,61d5937ace3e357c19958f7c,2003³â»ý¹éÁöÇå,202113,ÆÐ,0,1,0,0,0,0,111,2,50,1,4.51111,gamepad,8,3,2,2,2,0,1,0,0,0,3,2,4,0,0,0,173,154,123,114,9,5,0,0,12,11,25,23,1,1,9,1,7,2
288,61d5909be591064dc3f1ff00,PSMGaming,202113,ÆÐ,0,0,1,1,0,0,98,1,57,0,3.48333,gamepad,3,1,0,0,0,0,0,0,0,0,1,0,2,0,0,0,147,137,125,120,6,4,0,0,2,2,12,10,1,1,4,0,14,6
289,61d5909be591064dc3f1ff00,SaddlerJungMin,202113,½Â,0,0,1,0,0,0,64,0,43,0,4.53889,gamepad,5,4,0,3,3,0,1,1,0,0,5,3,0,0,0,0,105,92,64,59,8,8,0,0,4,3,27,21,1,1,9,0,16,8
290,61d58c2652188d7dbd2a2802,SaddlerJungMin,202113,ÆÐ,0,0,0,0,0,0,125,3,52,0,4.26111,gamepad,7,3,0,2,2,0,0,0,0,0,5,2,2,0,0,0,173,150,120,110,5,3,0,0,6,4,41,32,1,1,14,3,31,13
291,61d58c2652188d7dbd2a2802,CrownA¸ùÁÖ,202113,½Â,0,0,0,0,0,0,117,6,48,0,4.22222,gamepad,13,10,0,3,3,0,0,0,0,0,10,3,3,0,0,0,164,140,119,111,10,4,0,0,6,6,22,18,4,1,17,1,11,4
292,61d5895e3467d464d862b6ac,SaddlerJungMin,202113,½Â,1,1,1,0,0,0,78,4,44,2,4.18333,gamepad,6,3,0,2,3,0,1,0,0,0,6,2,0,0,0,0,111,98,78,77,7,5,0,0,3,2,19,14,0,0,10,1,13,8
293,61d5895e3467d464d862b6ac,VolitionÈñ¼ö,202113,ÆÐ,2,0,0,0,0,0,0,0,0,0,0.0,etc,0,0,0,0,0,0,0,0,0,0,0,0,0,0,0,0,0,0,0,0,0,0,0,0,0,0,0,0,0,0,0,0,0,0
294,61d586be3467d499cd6286b2,SaddlerJungMin,202113,½Â,0,0,0,0,0,0,94,3,57,0,4.50556,gamepad,11,7,0,3,3,0,2,0,0,0,11,3,0,0,0,0,142,136,95,94,13,11,0,0,3,2,28,28,3,1,2,1,7,2
295,61d586be3467d499cd6286b2,DKg±¸´ÜÁÖ,202113,ÆÐ,0,1,0,0,0,0,67,2,43,1,4.72778,keyboard,6,4,0,1,1,0,2,0,0,0,5,1,1,0,0,0,100,88,75,70,6,3,0,0,0,0,17,14,1,1,13,0,10,2
296,61d58328b3314c2bf98f09b2,UnLMTD¹Ú»ó¿õ,202113,ÆÐ,0,0,1,0,0,0,127,2,56,0,4.10556,gamepad,8,7,2,3,3,0,0,0,0,0,5,2,2,1,0,0,190,175,154,146,7,4,1,1,3,2,23,21,2,1,3,1,9,7
297,61d58328b3314c2bf98f09b2,SaddlerJungMin,202113,½Â,0,0,0,0,0,0,104,0,44,1,4.17778,gamepad,4,4,4,3,3,0,2,2,0,0,4,3,0,0,0,0,151,138,92,90,14,9,0,0,8,8,34,30,1,1,10,0,21,10
298,61d58077cf832646a9c3be42,VolitionÅ·°«ÀºÇÏ,202113,ÆÐ,0,0,0,0,0,0,57,2,44,1,3.88889,gamepad,5,3,0,1,1,0,1,0,0,0,4,1,1,0,0,0,95,82,75,65,3,3,0,0,3,3,13,10,1,1,4,1,21,14
299,61d58077cf832646a9c3be42,SaddlerJungMin,202113,½Â,0,0,0,0,0,0,94,3,56,1,4.55,gamepad,7,5,0,3,3,0,1,1,0,0,6,3,1,0,0,0,139,127,93,89,12,9,0,0,5,5,21,19,5,5,2,0,6,4
300,61d57e005c47c714f79ebf68,KONYASPOR,202113,ÆÐ,0,0,0,0,0,0,85,0,46,1,3.80556,keyboard,1,1,0,1,1,0,0,0,0,0,0,1,0,0,0,0,115,104,74,71,0,0,0,0,4,2,33,30,2,1,11,1,17,9
301,61d57e005c47c714f79ebf68,SaddlerJungMin,202113,½Â,0,0,0,0,0,0,94,3,54,1,4.45556,gamepad,4,4,0,3,3,0,1,1,0,0,4,3,0,0,0,0,127,116,79,75,8,7,0,0,2,2,35,31,2,1,5,0,13,7
302,61d57b6c3467d4067a61c7ec,SaddlerJungMin,202113,½Â,0,0,0,0,0,0,76,1,48,3,4.33889,gamepad,7,7,0,3,3,0,0,0,0,0,5,2,2,1,0,0,130,119,83,81,16,14,0,0,3,3,24,19,2,2,4,0,10,4
303,61d57b6c3467d4067a61c7ec,RBxLEIPZIG,202113,ÆÐ,0,1,0,0,0,0,84,1,52,0,3.91667,keyboard,2,1,0,1,1,0,1,0,0,0,2,1,0,0,0,0,107,95,75,66,5,4,0,0,0,0,24,23,3,2,8,0,12,6
304,61d5762ac10c2730dbb30153,SaddlerJungMin,202113,ÆÐ,0,0,3,0,0,0,138,1,58,2,4.3,gamepad,5,5,1,4,4,0,0,0,0,0,4,4,0,0,0,0,199,184,133,128,12,9,0,0,6,5,45,39,3,3,12,0,11,3
305,61d5762ac10c2730dbb30153,ÀÌ´Ï¿¡½ºÅ¸,202113,½Â,0,1,1,0,0,0,93,3,42,0,4.76111,keyboard,7,7,3,4,4,0,0,0,0,0,5,4,2,0,0,0,144,129,111,103,5,4,0,0,4,4,23,18,0,0,13,1,18,8
306,61d5728295c2644c0ce3940c,SaddlerJungMin,202113,ÆÐ,0,0,2,0,0,0,72,0,51,2,3.73333,gamepad,2,2,0,1,1,0,0,0,0,0,2,1,0,0,0,0,112,101,76,70,9,8,0,0,4,4,22,19,0,0,14,2,18,5
307,61d5728295c2644c0ce3940c,PSMGSeYun,202113,½Â,0,0,0,0,0,0,88,2,49,0,4.35,gamepad,9,7,0,3,3,0,1,0,0,0,4,3,3,0,2,0,104,94,62,60,9,6,0,0,7,7,23,19,2,2,1,0,16,6
308,61d56563aebc9571381970d3,ÈÞ¸é140573407107,202113,½Â,0,1,0,0,0,0,121,5,51,0,4.52222,gamepad,13,9,0,5,5,0,2,0,0,0,8,4,5,1,0,0,172,153,125,116,13,10,0,0,10,9,19,16,3,2,10,0,19,9
309,61d56563aebc9571381970d3,SaddlerJungMin,202113,ÆÐ,0,0,1,1,0,0,104,1,49,1,3.83333,gamepad,4,3,0,2,2,0,0,0,0,0,1,1,3,1,0,0,170,146,113,100,9,6,0,0,4,4,37,35,3,1,18,3,29,10
310,61d5623a931b3b594b45b06a,SaddlerJungMin,202113,ÆÐ,0,0,1,0,0,0,103,2,55,1,3.7,gamepad,7,5,0,1,1,0,1,0,0,0,7,1,0,0,0,0,139,127,92,87,5,3,0,0,7,5,32,30,2,2,5,0,16,3
311,61d5623a931b3b594b45b06a,Çö¿ª¸®¹öÇ®ÀÎÁ¤¸Ç,202113,½Â,0,0,0,0,0,0,76,0,45,0,4.45,gamepad,6,5,0,3,3,0,2,0,0,0,6,3,0,0,0,0,103,97,82,79,6,4,1,1,0,0,13,13,1,0,7,0,11,6
312,61d55fe6ecabf755dab4120c,SaddlerJungMin,202113,½Â,0,0,0,1,0,0,94,2,52,1,4.71667,gamepad,4,3,0,3,3,0,1,1,0,0,4,3,0,0,0,0,129,115,71,65,6,4,1,0,5,4,45,42,0,0,8,1,11,8
313,61d55fe6ecabf755dab4120c,90min¾Ó¸®,202113,ÆÐ,0,0,0,0,0,0,96,1,48,1,3.61111,gamepad,0,0,0,0,0,0,0,0,0,0,0,0,0,0,0,0,132,116,94,87,4,2,0,0,4,2,26,23,2,2,11,2,11,5
314,61d55d22931b3b212d45713c,SaddlerJungMin,202113,½Â,0,0,1,0,0,0,84,1,52,0,4.45556,gamepad,7,6,0,5,5,0,2,2,0,0,6,4,1,1,0,0,145,138,92,89,9,9,0,0,10,10,34,30,0,0,4,0,12,3
315,61d55d22931b3b212d45713c,¶ª¸®,202113,ÆÐ,0,0,1,0,0,0,72,1,48,2,3.85556,gamepad,5,5,0,3,3,0,1,0,0,0,4,3,0,0,0,0,100,93,86,81,1,1,0,0,5,4,5,5,2,2,7,1,7,3
316,61d46a5536be0396f6f95b0e,SaddlerJungMin,202113,ÆÐ,0,0,0,0,0,0,77,3,43,5,3.93889,gamepad,5,5,0,2,2,0,0,0,0,0,4,2,0,0,0,0,115,108,67,66,7,6,0,0,8,8,31,27,1,1,5,0,14,6
317,61d46a5536be0396f6f95b0e,VisualÀ¯°û±¸,202113,½Â,0,1,0,0,0,0,100,1,57,2,4.33333,gamepad,4,4,0,3,3,0,0,0,0,0,3,2,1,1,0,0,136,128,110,105,1,1,0,0,8,8,14,13,2,1,15,1,5,4
318,61d467e5d368eda5f809054e,SaddlerJungMin,202113,½Â,0,0,1,0,0,0,98,3,53,0,4.30556,gamepad,5,3,0,1,1,0,1,1,0,0,4,1,1,0,0,0,151,137,94,87,11,10,0,0,7,7,34,31,4,2,4,0,10,6
319,61d467e5d368eda5f809054e,WhizFox¼ºÁ¦°æ,202113,ÆÐ,0,0,0,0,0,0,77,1,47,1,3.82778,gamepad,2,0,0,0,0,0,1,0,0,0,2,0,0,0,0,0,103,91,73,72,6,3,0,0,6,5,15,10,1,1,11,2,8,6
320,61d46550cd1b843902e1fa4b,SaddlerJungMin,202113,½Â,0,0,0,0,0,0,77,0,50,0,4.60556,gamepad,6,5,0,5,5,0,1,1,0,0,5,4,1,1,0,0,122,109,60,56,10,8,1,0,2,1,45,40,4,4,8,1,14,9
321,61d46550cd1b843902e1fa4b,Benzºñ¼ö,202113,ÆÐ,0,0,0,0,0,0,77,1,50,0,3.76667,gamepad,5,3,0,2,2,0,0,0,0,0,3,1,2,1,0,0,99,89,66,61,2,1,2,1,10,9,14,13,5,4,6,0,6,3
322,61d462e7b3314c7615867904,UnLMTD°æ½Ä,202113,ÆÐ,0,0,0,0,0,0,78,2,47,1,3.72222,gamepad,6,6,0,1,1,0,1,1,0,0,5,1,1,0,0,0,101,92,81,77,4,3,0,0,1,1,12,11,1,0,12,0,14,6
323,61d462e7b3314c7615867904,SaddlerJungMin,202113,½Â,0,0,1,0,0,0,95,3,53,1,4.61111,gamepad,7,7,0,4,4,0,2,1,0,0,7,4,0,0,0,0,137,127,75,73,16,14,0,0,4,3,39,36,1,1,5,0,10,5
324,61d4572695c264ce4fdbcdd6,SaddlerJungMin,202113,ÆÐ,0,0,0,0,0,0,103,2,56,1,4.27222,gamepad,7,6,0,3,3,1,1,0,0,0,7,3,0,0,0,0,156,146,113,109,10,9,0,0,2,2,30,26,0,0,4,0,18,10
325,61d4572695c264ce4fdbcdd6,ÁöÁÖ¾²,202113,½Â,0,1,0,0,0,0,65,2,44,0,5.69444,gamepad,4,4,0,3,4,0,0,0,0,0,3,2,1,1,0,0,94,86,63,62,4,3,0,0,7,7,18,14,0,0,11,0,14,5
326,61d455692d7c4c5eb369f5a6,¸·±¹¼ö´Âºñºö,202113,ÆÐ,2,1,0,0,0,0,64,0,47,1,3.31111,keyboard,1,1,0,0,0,0,0,0,0,0,0,0,1,0,0,0,82,75,68,66,1,1,0,0,0,0,10,6,2,2,4,0,0,0
327,61d455692d7c4c5eb369f5a6,SaddlerJungMin,202113,½Â,1,1,0,0,0,0,59,1,53,0,4.53333,gamepad,4,4,0,3,3,0,0,0,0,0,3,2,1,1,0,0,82,73,45,42,6,5,0,0,1,1,29,24,1,1,5,1,9,6
328,61d452c9cf832645a0baf33c,SaddlerJungMin,202113,½Â,0,0,0,0,0,0,68,1,44,0,4.41111,gamepad,6,5,0,3,3,0,1,0,0,0,6,3,0,0,0,0,102,90,57,50,6,6,0,0,4,3,34,31,0,0,12,2,10,7
329,61d452c9cf832645a0baf33c,Å¬·¡½Ä,202113,ÆÐ,0,1,0,1,0,0,84,3,56,1,5.03889,gamepad,10,7,0,1,1,0,2,0,0,0,6,1,4,0,0,0,96,88,77,75,7,4,0,0,2,1,8,7,1,1,6,0,13,7
330,61d44fb80ddc621ca1ac07d9,BenzKJS,202113,½Â,0,0,1,0,0,0,92,1,50,1,4.40556,gamepad,9,9,0,4,4,0,0,0,0,0,8,4,0,0,0,0,116,106,79,74,2,2,0,0,7,7,23,22,2,1,7,1,13,6
331,61d44fb80ddc621ca1ac07d9,SaddlerJungMin,202113,ÆÐ,0,0,0,0,0,0,85,1,50,2,3.96667,gamepad,4,2,0,2,2,0,0,0,0,0,4,2,0,0,0,0,124,114,83,77,6,6,0,0,3,3,29,27,1,1,15,0,14,8
332,61d44c5885d11a853b020eab,SaddlerJungMin,202113,½Â,0,0,0,0,0,0,0,0,0,0,0.0,gamepad,0,0,0,0,4,0,0,0,0,0,0,0,0,0,0,0,0,0,0,0,0,0,0,0,0,0,0,0,0,0,0,0,0,0
333,61d44c5885d11a853b020eab,¸®¹ÙÀÌºê¼Ö·Î¸ó,202113,ÆÐ,0,0,1,0,0,0,140,3,55,1,4.01111,gamepad,6,6,0,3,3,0,0,0,0,0,4,2,2,1,0,0,183,166,135,127,5,4,0,0,7,7,30,27,2,1,7,0,12,7
334,61d449eee2ef2ece5cd2230d,SaddlerJungMin,202113,½Â,0,0,0,0,0,0,76,0,47,2,4.65,gamepad,6,6,0,5,5,0,0,1,0,0,5,5,1,0,0,0,104,95,59,56,10,8,0,0,5,4,29,26,1,1,7,0,9,5
335,61d449eee2ef2ece5cd2230d,ATLASBXµ¥µåÇ®,202113,ÆÐ,0,0,0,0,0,0,87,0,53,0,3.59444,gamepad,3,2,0,1,1,0,0,0,0,0,2,1,1,0,0,0,130,116,98,94,11,6,0,0,4,2,12,10,4,4,5,0,12,1
336,61d440bd52907a5ee635dbf6,SaddlerJungMin,202113,ÆÐ,0,0,1,0,0,0,84,1,46,1,3.91111,gamepad,6,4,0,3,3,0,1,0,0,0,6,3,0,0,0,0,125,112,86,83,11,8,0,0,2,2,25,18,1,1,6,1,15,8
337,61d440bd52907a5ee635dbf6,UEFAºÎ¿¡³ëv,202113,½Â,0,0,1,0,0,0,79,0,54,0,4.40556,gamepad,6,6,0,5,5,0,0,0,0,0,4,5,1,0,0,0,115,108,80,76,11,10,0,0,4,4,17,15,3,3,5,0,13,6
338,61d43e3c7c8d8cd051ff9055,À¯¾Ö³ªx½Ó¹«Ã¤¿ø,202113,ÆÐ,0,1,0,0,0,0,74,1,49,0,4.65556,keyboard,4,4,0,3,3,0,0,0,0,0,3,2,1,1,0,0,129,112,106,99,3,2,0,0,0,0,19,11,0,0,8,0,14,3
339,61d43e3c7c8d8cd051ff9055,SaddlerJungMin,202113,½Â,0,0,1,0,0,0,80,0,51,1,4.32778,gamepad,4,4,0,4,4,0,0,0,0,0,3,3,1,1,0,0,119,103,76,69,12,10,0,0,0,0,27,22,4,2,8,0,4,1
340,61d43bbf30c16d880329fd4b,SaddlerJungMin,202113,ÆÐ,0,0,0,0,0,0,68,0,45,1,3.96667,gamepad,2,2,0,1,1,0,0,0,0,0,2,1,0,0,0,0,120,106,92,84,10,8,0,0,2,2,16,12,0,0,8,1,14,7
341,61d43bbf30c16d880329fd4b,·Î¸µ,202113,½Â,0,0,1,0,0,0,89,0,55,0,4.33333,gamepad,6,4,0,2,2,0,2,0,0,0,4,1,1,1,0,0,139,125,93,86,11,9,0,0,6,6,25,23,1,1,6,0,9,5
342,61d43929b3314c9dc38408b9,SaddlerJungMin,202113,½Â,0,0,1,0,0,0,102,1,51,0,4.52778,gamepad,5,5,0,4,4,0,0,0,0,0,5,4,0,0,0,0,131,121,82,78,10,10,0,0,8,8,28,24,2,1,7,0,14,7
343,61d43929b3314c9dc38408b9,SainT±è¹ÎÁÖs,202113,ÆÐ,0,0,2,0,0,0,69,2,49,0,3.86111,gamepad,6,3,0,2,2,0,0,0,0,0,5,2,1,0,0,0,89,81,68,64,5,5,1,0,3,3,8,8,3,1,3,0,18,6
344,61d436ad52907ae480351676,SaddlerJungMin,202113,½Â,0,0,0,0,0,0,75,3,49,1,4.28333,gamepad,8,6,0,3,3,0,1,0,0,0,6,3,2,0,0,0,119,107,75,72,10,7,0,0,3,3,28,22,3,3,4,0,18,7
345,61d436ad52907ae480351676,ExodusÁØ¼¼,202113,ÆÐ,0,0,1,0,0,0,76,0,51,0,3.97222,gamepad,2,2,0,2,2,0,0,0,0,0,2,2,0,0,0,0,115,103,87,80,2,2,0,0,5,5,19,16,1,0,8,1,8,4
346,61d43360931b3b480b3c5618,Âß»©,202113,ÆÐ,0,0,0,0,0,0,129,1,49,1,3.97778,keyboard,3,2,0,1,1,0,0,0,0,0,2,1,0,0,0,0,187,165,151,139,1,1,0,0,5,4,28,20,1,1,11,0,15,6
347,61d43360931b3b480b3c5618,SaddlerJungMin,202113,½Â,0,0,0,0,0,0,126,2,51,2,4.35,gamepad,7,6,0,2,2,0,1,1,0,0,6,2,1,0,0,0,174,151,100,92,21,16,1,0,5,5,44,38,0,0,6,1,13,3
348,61d430f95631495696a6535e,SaddlerJungMin,202113,½Â,0,0,0,0,0,0,91,0,52,2,4.46667,gamepad,9,6,0,4,4,0,1,0,0,0,7,3,2,1,0,0,128,119,73,71,14,11,0,0,11,9,26,26,2,2,7,1,18,6
349,61d430f95631495696a6535e,UEFAÃ¿°­µü,202113,ÆÐ,0,0,0,0,0,0,71,1,48,1,3.81111,keyboard,6,3,0,2,2,0,3,1,0,0,5,2,0,0,0,0,108,97,82,78,9,7,0,0,2,2,12,9,1,1,5,1,11,5
350,61d42e2f95c264fd54d942bb,GalaxyXGÀ±Ã¢±Ù,202113,½Â,0,0,0,0,0,0,91,0,49,0,4.66111,gamepad,6,5,0,4,4,0,0,0,0,0,2,1,4,3,0,0,122,109,101,92,7,5,0,0,5,5,7,7,0,0,7,0,13,6
351,61d42e2f95c264fd54d942bb,SaddlerJungMin,202113,ÆÐ,0,0,0,0,0,0,100,2,51,1,3.86667,gamepad,6,4,0,1,1,0,1,0,0,0,6,1,0,0,0,0,159,142,118,109,6,5,1,1,7,6,24,20,1,1,5,0,19,6
352,61d42bb23a36562453da93be,SaddlerJungMin,202113,½Â,0,0,0,0,0,0,70,5,46,1,4.66667,gamepad,10,9,0,5,5,0,1,0,0,0,10,5,0,0,0,0,108,97,75,69,7,5,0,0,4,4,20,18,1,1,11,2,10,5
353,61d42bb23a36562453da93be,90minÇö½Ä,202113,ÆÐ,0,0,1,0,0,0,111,1,54,0,3.94444,keyboard,6,6,0,2,2,0,0,0,0,0,4,2,2,0,0,0,153,140,113,106,4,2,0,0,4,4,29,27,1,1,8,1,13,5
354,61d42809f2d2e9385e909f88,È­·Â,202113,ÆÐ,0,0,2,0,0,0,118,3,48,0,4.08333,keyboard,8,5,0,2,2,0,0,0,1,0,7,1,1,1,0,0,156,140,123,114,2,2,0,0,2,2,27,22,1,0,5,0,5,3
355,61d42809f2d2e9385e909f88,SaddlerJungMin,202113,½Â,0,0,2,0,0,0,124,4,52,1,4.38889,gamepad,10,10,0,4,4,0,0,0,0,0,8,3,1,0,1,1,174,156,117,109,10,7,0,0,7,6,38,32,2,2,15,1,16,9
356,61d42445f2d2e9f620906356,±ø¶O,202113,ÆÐ,0,1,1,0,0,0,110,1,48,2,4.43333,gamepad,6,5,3,1,1,0,0,0,0,0,5,1,1,0,0,0,161,147,100,94,11,8,0,0,7,7,37,33,6,5,14,2,23,10
357,61d42445f2d2e9f620906356,SaddlerJungMin,202113,½Â,0,0,0,0,0,0,128,3,52,0,4.35,gamepad,5,4,5,1,1,0,1,0,0,0,3,0,2,1,0,0,189,170,112,108,13,9,1,0,7,7,52,45,1,1,10,2,14,10
358,61d4202552907a1077338b90,SaddlerJungMin,202113,½Â,0,0,1,0,0,0,129,2,51,1,4.36667,gamepad,10,9,5,4,4,0,1,0,0,0,7,4,3,0,0,0,186,167,121,114,13,13,0,0,7,6,40,33,3,1,10,0,17,8
359,61d4202552907a1077338b90,5¹é½È¾îÇÏ´Â¹Ì±¸,202113,ÆÐ,0,0,0,0,0,0,100,2,49,1,4.28333,gamepad,7,6,3,4,4,0,0,0,0,0,6,4,1,0,0,0,227,209,196,184,1,1,0,0,4,4,25,20,0,0,20,1,10,6
360,61d41d69cd1b843344ddc8a2,SaddlerJungMin,202113,ÆÐ,0,1,0,0,0,0,97,1,53,2,4.11667,gamepad,3,3,0,2,2,0,1,1,0,0,3,2,0,0,0,0,146,131,102,94,6,6,0,0,6,5,30,25,1,1,8,1,10,3
361,61d41d69cd1b843344ddc8a2,UnLMTDÅÂ°æ,202113,½Â,0,0,0,0,0,0,83,1,47,0,4.5,gamepad,5,5,0,4,4,0,0,0,0,0,5,4,0,0,0,0,137,123,94,90,5,5,1,1,12,10,23,17,0,0,4,0,4,4
362,61d4196b0c4e0df7001a9170,Á¶¿À³ª¸ð´ë,202113,½Â,0,2,0,0,0,0,92,1,53,0,4.96111,gamepad,5,5,0,4,4,0,0,0,0,0,4,3,0,0,1,1,133,121,112,108,8,7,2,0,0,0,10,6,0,0,10,0,18,10
363,61d4196b0c4e0df7001a9170,SaddlerJungMin,202113,ÆÐ,0,0,1,0,0,0,86,2,47,0,3.88333,gamepad,6,5,0,2,2,0,0,0,0,0,5,2,1,0,0,0,137,124,95,92,4,4,0,0,5,5,28,23,0,0,4,0,16,5
364,61d416aac10c27a2e5a774ab,VolitionÈñ¼ö,202113,ÆÐ,0,0,0,0,0,0,101,3,61,0,3.76667,gamepad,4,4,0,1,1,0,1,1,0,0,4,1,0,0,0,0,128,118,108,102,6,5,0,0,2,2,10,8,1,1,6,0,7,5
365,61d416aac10c27a2e5a774ab,SaddlerJungMin,202113,½Â,0,0,3,0,0,0,59,0,39,0,4.37778,gamepad,4,3,0,3,3,0,0,0,0,0,4,3,0,0,0,0,97,87,62,61,5,4,1,0,3,2,25,20,0,0,6,0,23,10
366,61d41413ecabf74d6ca8a4d9,7JiSungPark,202113,ÆÐ,0,0,1,0,0,0,88,0,53,1,3.91667,gamepad,2,2,0,2,2,0,0,0,0,0,1,1,1,1,0,0,138,122,96,93,5,0,0,0,3,3,30,23,4,3,6,0,9,3
367,61d41413ecabf74d6ca8a4d9,SaddlerJungMin,202113,½Â,0,0,1,0,0,0,77,2,47,1,4.37778,gamepad,6,5,0,3,3,0,1,0,0,0,6,3,0,0,0,0,127,117,83,77,7,7,0,0,6,5,30,28,0,0,8,0,13,4
368,61d4114fce3e350b2585bc0e,EuniceÀÌÁ¤È£,202113,ÆÐ,0,0,0,0,0,0,82,1,49,1,3.48889,gamepad,6,3,0,1,1,1,2,0,1,0,2,0,3,1,1,0,111,103,86,82,11,10,0,0,5,5,7,5,1,1,10,0,6,5
369,61d4114fce3e350b2585bc0e,SaddlerJungMin,202113,½Â,0,0,2,1,0,0,98,0,51,0,4.38333,gamepad,5,4,0,3,4,0,1,0,0,0,4,3,0,0,0,0,134,123,85,78,6,6,0,0,6,6,34,30,3,3,5,0,16,7
370,61d40f00aebc9542150cf7e6,SaddlerJungMin,202113,½Â,0,0,0,0,0,0,84,1,50,1,4.58333,gamepad,3,3,0,2,2,0,1,0,0,0,2,2,1,0,0,0,147,132,91,88,8,8,0,0,8,7,38,28,2,1,7,1,22,11
371,61d40f00aebc9542150cf7e6,È­·Â,202113,ÆÐ,0,0,0,0,0,0,106,2,50,1,3.78889,keyboard,4,0,0,0,0,0,0,0,0,0,4,0,0,0,0,0,126,115,105,101,0,0,0,0,0,0,20,14,0,0,8,0,8,5
372,61d40c673a365698c5d8e0fa,SaddlerJungMin,202113,½Â,0,0,0,0,0,0,80,0,46,1,4.29444,gamepad,4,4,0,3,3,0,0,0,0,0,3,3,0,0,0,0,133,122,79,70,5,5,0,0,6,6,41,39,2,2,7,0,12,4
373,61d40c673a365698c5d8e0fa,¾ðº£¸®È¿¹Î,202113,ÆÐ,0,0,0,0,0,0,92,2,54,2,3.57778,gamepad,4,2,0,1,1,0,1,0,0,0,3,1,1,0,0,0,112,103,77,74,12,10,0,0,4,4,15,13,2,2,4,0,5,2
374,61d18de6cf832647a6a23dc7,SaddlerJungMin,202113,ÆÐ,0,0,1,0,0,0,75,0,41,2,3.78333,gamepad,2,1,0,1,1,0,0,0,0,0,2,1,0,0,0,0,110,98,67,65,8,6,0,0,5,5,29,21,1,1,7,0,14,7
375,61d18de6cf832647a6a23dc7,VolitionÄÉÀÌ,202113,½Â,0,0,0,2,0,0,97,0,59,0,4.33333,gamepad,2,2,0,2,2,0,0,0,0,0,1,2,0,0,0,0,149,140,118,116,5,3,0,0,4,4,20,16,1,1,5,0,11,5
376,61d18b4db3314c7cf66af6bf,SaddlerJungMin,202113,½Â,0,0,0,0,0,0,84,1,50,1,4.42778,gamepad,4,4,0,2,2,0,0,0,0,0,3,1,1,1,0,0,123,112,84,79,14,10,0,0,4,3,20,19,1,1,13,2,9,2
377,61d18b4db3314c7cf66af6bf,GalaxyXG½Åº¸¼®,202113,ÆÐ,0,1,0,0,0,0,90,4,50,0,4.08889,gamepad,7,4,0,0,0,0,2,0,0,0,5,0,2,0,0,0,134,121,104,100,11,6,0,0,3,2,14,12,2,1,5,0,18,5
378,61d189adaebc954243f5d5dc,CMGamingÃµ¹®±â,202113,ÆÐ,2,1,0,0,0,0,40,0,46,0,2.98333,gamepad,0,0,0,0,0,0,0,0,0,0,0,0,0,0,0,0,53,51,48,46,2,2,0,0,0,0,2,2,1,1,10,0,2,0
379,61d189adaebc954243f5d5dc,SaddlerJungMin,202113,½Â,1,1,1,0,0,0,50,1,54,1,4.64444,gamepad,6,6,0,4,3,0,3,2,0,0,5,4,0,0,0,0,71,67,39,38,10,9,0,0,4,3,17,16,1,1,4,0,7,6
380,61d187837c8d8cb95ee58eb7,90minÇö½Ä,202113,ÆÐ,2,1,0,0,0,0,79,1,52,0,3.03889,keyboard,2,1,0,0,0,0,0,0,0,0,1,0,1,0,0,0,92,84,68,64,3,3,0,0,8,8,12,9,1,0,6,0,7,1
381,61d187837c8d8cb95ee58eb7,SaddlerJungMin,202113,½Â,1,1,0,0,0,0,60,0,48,0,4.83333,gamepad,5,4,0,4,3,0,1,1,0,0,5,4,0,0,0,0,99,93,57,54,11,11,1,0,5,5,24,22,1,1,3,0,6,2
382,61d184a085d11a61a4e8290e,SaddlerJungMin,202113,ÆÐ,0,0,1,0,0,0,82,0,44,2,3.78333,gamepad,2,2,0,1,1,0,1,1,0,0,2,1,0,0,0,0,122,110,82,77,6,6,0,0,2,2,27,22,4,3,7,0,17,5
383,61d184a085d11a61a4e8290e,VolitionÀÌÁö,202113,½Â,0,0,0,0,0,0,88,1,56,0,4.36667,gamepad,4,4,0,3,3,0,0,0,0,0,4,3,0,0,0,0,133,120,114,110,2,0,0,0,2,0,14,10,1,0,5,0,17,3
384,61d18218cd1b84825ac7123b,SaddlerJungMin,202113,½Â,0,0,1,1,0,0,82,2,48,2,4.40556,gamepad,5,4,0,3,3,0,2,0,0,0,5,3,0,0,0,0,116,104,71,65,8,7,0,0,4,4,26,24,7,4,10,1,15,5
385,61d18218cd1b84825ac7123b,Eunice¾ûµ¢ÀÌ,202113,ÆÐ,0,0,0,0,0,0,89,4,52,0,3.90556,gamepad,5,5,0,2,2,0,0,0,0,0,2,2,3,0,0,0,136,117,117,104,3,2,0,0,0,0,15,11,0,0,7,0,4,2
386,61d17e9236be03d9faddcd95,SaddlerJungMin,202113,ÆÐ,0,0,1,0,0,0,125,3,53,0,4.21111,gamepad,6,6,0,4,4,0,1,1,0,0,5,4,1,0,0,0,188,173,130,123,13,10,2,2,7,7,35,30,1,1,7,1,18,5
387,61d17e9236be03d9faddcd95,¾È´ÜÆ¼³ë¾È´ÜÅ×,202113,½Â,0,0,1,0,0,0,116,4,47,1,4.41667,gamepad,13,10,0,6,6,0,3,2,0,0,10,4,2,1,1,1,152,140,119,113,9,5,0,0,0,0,23,22,0,0,16,0,17,8
388,61d17c2357fadb0e64fa9fea,SaddlerJungMin,202113,ÆÐ,0,0,0,0,0,0,72,2,45,0,3.98333,gamepad,6,4,0,2,2,1,1,0,0,0,5,2,1,0,0,0,133,117,89,85,9,5,1,0,6,4,25,22,1,1,6,1,16,7
389,61d17c2357fadb0e64fa9fea,Ã»¼Ò,202113,½Â,0,0,1,0,0,0,76,2,55,0,4.22222,gamepad,8,4,0,2,3,0,3,1,0,0,6,2,2,0,0,0,121,115,103,101,4,4,0,0,1,0,12,10,0,0,7,0,14,6
